-- phpMyAdmin SQL Dump
-- version 5.0.2
-- https://www.phpmyadmin.net/
--
-- Hôte : 127.0.0.1:3306
-- Généré le : lun. 26 avr. 2021 à 23:38
-- Version du serveur :  5.7.31
-- Version de PHP : 7.3.21

SET SQL_MODE = "NO_AUTO_VALUE_ON_ZERO";
START TRANSACTION;
SET time_zone = "+00:00";


/*!40101 SET @OLD_CHARACTER_SET_CLIENT=@@CHARACTER_SET_CLIENT */;
/*!40101 SET @OLD_CHARACTER_SET_RESULTS=@@CHARACTER_SET_RESULTS */;
/*!40101 SET @OLD_COLLATION_CONNECTION=@@COLLATION_CONNECTION */;
/*!40101 SET NAMES utf8mb4 */;

--
-- Base de données : `projet`
--

-- --------------------------------------------------------

--
-- Structure de la table `banned`
--

DROP TABLE IF EXISTS `banned`;
CREATE TABLE IF NOT EXISTS `banned` (
  `id` int(11) NOT NULL AUTO_INCREMENT,
  `id_user` int(11) NOT NULL,
  `banDate` date NOT NULL,
  `description` varchar(250) NOT NULL,
  PRIMARY KEY (`id`),
  KEY `id_user` (`id_user`)
) ENGINE=MyISAM AUTO_INCREMENT=1201 DEFAULT CHARSET=latin1;

-- --------------------------------------------------------

--
-- Structure de la table `blog`
--

DROP TABLE IF EXISTS `blog`;
CREATE TABLE IF NOT EXISTS `blog` (
  `id` int(11) NOT NULL AUTO_INCREMENT,
  `title` varchar(255) COLLATE utf8mb4_unicode_ci NOT NULL,
  `description` varchar(255) COLLATE utf8mb4_unicode_ci NOT NULL,
  `image` varchar(255) COLLATE utf8mb4_unicode_ci NOT NULL,
  PRIMARY KEY (`id`)
) ENGINE=InnoDB AUTO_INCREMENT=7 DEFAULT CHARSET=utf8mb4 COLLATE=utf8mb4_unicode_ci;

--
-- Déchargement des données de la table `blog`
--

INSERT INTO `blog` (`id`, `title`, `description`, `image`) VALUES
(5, 'hjfg', 'hggv', 'd1af961c9d61de7be55ac3d51fdf8e77.jpeg'),
(6, 'hjgjhjk', 'hjhgjhjg', '0f7b621abef4e23031240c2938311582.jpeg');

-- --------------------------------------------------------

--
-- Structure de la table `categorie_emploi`
--

DROP TABLE IF EXISTS `categorie_emploi`;
CREATE TABLE IF NOT EXISTS `categorie_emploi` (
  `id` int(11) NOT NULL AUTO_INCREMENT,
  `nom_emploi` varchar(255) COLLATE utf8mb4_unicode_ci NOT NULL,
  `description_emploi` varchar(255) COLLATE utf8mb4_unicode_ci NOT NULL,
  `nbr_offres` int(11) NOT NULL,
  PRIMARY KEY (`id`)
) ENGINE=InnoDB AUTO_INCREMENT=18 DEFAULT CHARSET=utf8mb4 COLLATE=utf8mb4_unicode_ci;

--
-- Déchargement des données de la table `categorie_emploi`
--

INSERT INTO `categorie_emploi` (`id`, `nom_emploi`, `description_emploi`, `nbr_offres`) VALUES
(12, 'categorie1', 'descrip1', 0),
(14, 'qqq', 'ghjklpä', 0),
(15, 'Walid Tayeche', 'descrip1', 0),
(16, 'emploi1223', 'descrip1856', 0);

-- --------------------------------------------------------

--
-- Structure de la table `categorie_formation`
--

DROP TABLE IF EXISTS `categorie_formation`;
CREATE TABLE IF NOT EXISTS `categorie_formation` (
  `id` int(11) NOT NULL AUTO_INCREMENT,
  `nom_cat_frt` varchar(255) COLLATE utf8mb4_unicode_ci NOT NULL,
  `description_cat_frt` varchar(1000) COLLATE utf8mb4_unicode_ci NOT NULL,
  `nbr_cat_frt` int(11) NOT NULL,
  PRIMARY KEY (`id`)
) ENGINE=InnoDB AUTO_INCREMENT=19 DEFAULT CHARSET=utf8mb4 COLLATE=utf8mb4_unicode_ci;

--
-- Déchargement des données de la table `categorie_formation`
--

INSERT INTO `categorie_formation` (`id`, `nom_cat_frt`, `description_cat_frt`, `nbr_cat_frt`) VALUES
(13, 'Walid Tayeche', 'qqqqq', 0),
(15, 'Walid Tayeche', 'fghgfgng', 0),
(16, 'hahahaha', 'salut', 1),
(18, 'bonjour', 'qqq', 1);

-- --------------------------------------------------------

--
-- Structure de la table `categorie_questionnaire`
--

DROP TABLE IF EXISTS `categorie_questionnaire`;
CREATE TABLE IF NOT EXISTS `categorie_questionnaire` (
  `id` int(11) NOT NULL AUTO_INCREMENT,
  `nom_cat_qst` varchar(255) COLLATE utf8mb4_unicode_ci NOT NULL,
  `description_cat_qst` varchar(255) COLLATE utf8mb4_unicode_ci NOT NULL,
  `nbr_qst` int(11) NOT NULL,
  PRIMARY KEY (`id`)
) ENGINE=InnoDB AUTO_INCREMENT=15 DEFAULT CHARSET=utf8mb4 COLLATE=utf8mb4_unicode_ci;

--
-- Déchargement des données de la table `categorie_questionnaire`
--

INSERT INTO `categorie_questionnaire` (`id`, `nom_cat_qst`, `description_cat_qst`, `nbr_qst`) VALUES
(8, 'Walid Tayeche', 'bhjbjh', 6),
(9, 'zzzzzzzzzzzzzzz', 'bhjbjh', 1),
(10, 'zzzzzzzzzzzzzzz', 'bhjbjh', 0),
(11, 'emploi12', 'bhjbjh', 0),
(12, 'emploi12', 'bhjbjh', 0);

-- --------------------------------------------------------

--
-- Structure de la table `categorie_reclamation`
--

DROP TABLE IF EXISTS `categorie_reclamation`;
CREATE TABLE IF NOT EXISTS `categorie_reclamation` (
  `id` int(11) NOT NULL AUTO_INCREMENT,
  `nom` varchar(255) COLLATE utf8mb4_unicode_ci NOT NULL,
  `description` varchar(255) COLLATE utf8mb4_unicode_ci NOT NULL,
  PRIMARY KEY (`id`)
) ENGINE=InnoDB AUTO_INCREMENT=11 DEFAULT CHARSET=utf8mb4 COLLATE=utf8mb4_unicode_ci;

--
-- Déchargement des données de la table `categorie_reclamation`
--

INSERT INTO `categorie_reclamation` (`id`, `nom`, `description`) VALUES
(4, 'Walid Tayeche', 'fvfdvdf'),
(5, 'freelance456', 'heheeh'),
(6, 'emploi12', 'fvfdvdf'),
(7, 'Walid Tayeche', 'hehehe'),
(8, 'Walid Tayeche51', 'fvfdvdf'),
(9, 'fvbcvb', '45fdfvdf df d');

-- --------------------------------------------------------

--
-- Structure de la table `category_freelance`
--

DROP TABLE IF EXISTS `category_freelance`;
CREATE TABLE IF NOT EXISTS `category_freelance` (
  `id` int(11) NOT NULL AUTO_INCREMENT,
  `nom_cat_fr` varchar(255) COLLATE utf8mb4_unicode_ci NOT NULL,
  `description_cat_fr` varchar(255) COLLATE utf8mb4_unicode_ci NOT NULL,
  `nbr_offre_fr` int(11) NOT NULL,
  PRIMARY KEY (`id`)
) ENGINE=InnoDB AUTO_INCREMENT=14 DEFAULT CHARSET=utf8mb4 COLLATE=utf8mb4_unicode_ci;

--
-- Déchargement des données de la table `category_freelance`
--

INSERT INTO `category_freelance` (`id`, `nom_cat_fr`, `description_cat_fr`, `nbr_offre_fr`) VALUES
(13, 'qq', 'qq', 0);

-- --------------------------------------------------------

--
-- Structure de la table `formation`
--

DROP TABLE IF EXISTS `formation`;
CREATE TABLE IF NOT EXISTS `formation` (
  `id` int(11) NOT NULL AUTO_INCREMENT,
  `users_id` int(11) DEFAULT NULL,
  `duree_fr` datetime NOT NULL,
  `description` varchar(1000) COLLATE utf8mb4_unicode_ci NOT NULL,
  `image` varchar(255) COLLATE utf8mb4_unicode_ci NOT NULL,
  `niveau_frt` varchar(255) COLLATE utf8mb4_unicode_ci NOT NULL,
  `Categorieformation_id` int(11) DEFAULT NULL,
  PRIMARY KEY (`id`),
  KEY `IDX_404021BF448B9901` (`Categorieformation_id`),
  KEY `IDX_404021BF67B3B43D` (`users_id`)
) ENGINE=InnoDB AUTO_INCREMENT=8 DEFAULT CHARSET=utf8mb4 COLLATE=utf8mb4_unicode_ci;

--
-- Déchargement des données de la table `formation`
--

INSERT INTO `formation` (`id`, `users_id`, `duree_fr`, `description`, `image`, `niveau_frt`, `Categorieformation_id`) VALUES
(4, 5, '2022-09-03 00:00:00', 'QQQ', '', 'QQ', 13),
(5, 5, '2022-09-03 00:00:00', 'QQQ', '', 'QC', 13),
(6, 5, '2023-04-03 00:00:00', 'hello', 'for.jpg', 'C', 18),
(7, 5, '2023-05-03 00:00:00', 'dd', 'for.jpg', 'C9', 16);

-- --------------------------------------------------------

--
-- Structure de la table `offre_emploi`
--

DROP TABLE IF EXISTS `offre_emploi`;
CREATE TABLE IF NOT EXISTS `offre_emploi` (
  `id` int(11) NOT NULL AUTO_INCREMENT,
  `titre_offre_emploi` varchar(255) COLLATE utf8mb4_unicode_ci NOT NULL,
  `description_cat_em` varchar(255) COLLATE utf8mb4_unicode_ci NOT NULL,
  `nbr_offres` int(11) NOT NULL,
  `CategorieEmploi_id` int(11) DEFAULT NULL,
  PRIMARY KEY (`id`),
  KEY `IDX_132AD0D125F1008B` (`CategorieEmploi_id`)
) ENGINE=InnoDB AUTO_INCREMENT=16 DEFAULT CHARSET=utf8mb4 COLLATE=utf8mb4_unicode_ci;

--
-- Déchargement des données de la table `offre_emploi`
--

INSERT INTO `offre_emploi` (`id`, `titre_offre_emploi`, `description_cat_em`, `nbr_offres`, `CategorieEmploi_id`) VALUES
(12, 'hgfghfg', 'qqqq', 0, 12),
(13, 'catgfgfgd', 'mdf5464456', 0, 14),
(14, 'emploii45', 'mdf5464456', 0, 12);

-- --------------------------------------------------------

--
-- Structure de la table `offre_freelance`
--

DROP TABLE IF EXISTS `offre_freelance`;
CREATE TABLE IF NOT EXISTS `offre_freelance` (
  `id` int(11) NOT NULL AUTO_INCREMENT,
  `titre_offre_fr` varchar(255) COLLATE utf8mb4_unicode_ci NOT NULL,
  `descriptionfr` varchar(255) COLLATE utf8mb4_unicode_ci NOT NULL,
  `entreprisefr` varchar(255) COLLATE utf8mb4_unicode_ci NOT NULL,
  `recomponse` double NOT NULL,
  `date_expiration` date NOT NULL,
  `etat_offre` tinyint(1) NOT NULL,
  `categorie_freelance_id` int(11) DEFAULT NULL,
  PRIMARY KEY (`id`),
  KEY `IDX_14236E8A91DC23E9` (`categorie_freelance_id`)
) ENGINE=InnoDB AUTO_INCREMENT=13 DEFAULT CHARSET=utf8mb4 COLLATE=utf8mb4_unicode_ci;

--
-- Déchargement des données de la table `offre_freelance`
--

INSERT INTO `offre_freelance` (`id`, `titre_offre_fr`, `descriptionfr`, `entreprisefr`, `recomponse`, `date_expiration`, `etat_offre`, `categorie_freelance_id`) VALUES
(11, 'aa', 'hhhh', 'aa', 5, '2023-03-03', 0, 13);

-- --------------------------------------------------------

--
-- Structure de la table `particer_formation`
--

DROP TABLE IF EXISTS `particer_formation`;
CREATE TABLE IF NOT EXISTS `particer_formation` (
  `id` int(11) NOT NULL AUTO_INCREMENT,
  `user_id` int(11) DEFAULT NULL,
  `formation_id` int(11) DEFAULT NULL,
  `date` datetime NOT NULL,
  PRIMARY KEY (`id`),
  KEY `IDX_E78D30FAA76ED395` (`user_id`),
  KEY `IDX_E78D30FA5200282E` (`formation_id`)
) ENGINE=InnoDB AUTO_INCREMENT=5 DEFAULT CHARSET=utf8mb4 COLLATE=utf8mb4_unicode_ci;

--
-- Déchargement des données de la table `particer_formation`
--

INSERT INTO `particer_formation` (`id`, `user_id`, `formation_id`, `date`) VALUES
(2, 5, 4, '2021-04-25 00:00:00'),
(3, 5, 4, '2021-04-25 00:00:00'),
(4, 5, 6, '2021-04-26 00:00:00');

-- --------------------------------------------------------

--
-- Structure de la table `postuler_emploi`
--

DROP TABLE IF EXISTS `postuler_emploi`;
CREATE TABLE IF NOT EXISTS `postuler_emploi` (
  `id` int(11) NOT NULL AUTO_INCREMENT,
  `date_postulation` date NOT NULL,
  `offre_emploi_id` int(11) DEFAULT NULL,
  `user_id` int(11) DEFAULT NULL,
  `motivation` varchar(255) COLLATE utf8mb4_unicode_ci NOT NULL,
  `pdfcv` varchar(255) COLLATE utf8mb4_unicode_ci NOT NULL,
  PRIMARY KEY (`id`),
  KEY `IDX_8764881BB08996ED` (`offre_emploi_id`),
  KEY `IDX_8764881BA76ED395` (`user_id`)
) ENGINE=InnoDB AUTO_INCREMENT=3 DEFAULT CHARSET=utf8mb4 COLLATE=utf8mb4_unicode_ci;

--
-- Déchargement des données de la table `postuler_emploi`
--

INSERT INTO `postuler_emploi` (`id`, `date_postulation`, `offre_emploi_id`, `user_id`, `motivation`, `pdfcv`) VALUES
(2, '2021-04-26', 12, 5, 'mmm', 'checked.png');

-- --------------------------------------------------------

--
-- Structure de la table `postuler_freelance`
--

DROP TABLE IF EXISTS `postuler_freelance`;
CREATE TABLE IF NOT EXISTS `postuler_freelance` (
  `id` int(11) NOT NULL AUTO_INCREMENT,
  `offre_freelance_id` int(11) DEFAULT NULL,
  `user_id` int(11) DEFAULT NULL,
  `date_postulation` datetime NOT NULL,
  `motivation` varchar(255) COLLATE utf8mb4_unicode_ci NOT NULL,
  `pdfcv` varchar(255) COLLATE utf8mb4_unicode_ci NOT NULL,
  PRIMARY KEY (`id`),
  KEY `IDX_6B1DC643D3FA6C29` (`offre_freelance_id`),
  KEY `IDX_6B1DC643A76ED395` (`user_id`)
) ENGINE=InnoDB AUTO_INCREMENT=2 DEFAULT CHARSET=utf8mb4 COLLATE=utf8mb4_unicode_ci;

--
-- Déchargement des données de la table `postuler_freelance`
--

INSERT INTO `postuler_freelance` (`id`, `offre_freelance_id`, `user_id`, `date_postulation`, `motivation`, `pdfcv`) VALUES
(1, 11, 5, '2021-04-26 00:00:00', 'dsq', 'checked.png');

-- --------------------------------------------------------

--
-- Structure de la table `questionnaire`
--

DROP TABLE IF EXISTS `questionnaire`;
CREATE TABLE IF NOT EXISTS `questionnaire` (
  `id` int(11) NOT NULL AUTO_INCREMENT,
  `users_id` int(11) DEFAULT NULL,
  `nom_qst` varchar(255) COLLATE utf8mb4_unicode_ci NOT NULL,
  `nom_cat_qst` varchar(255) COLLATE utf8mb4_unicode_ci NOT NULL,
  `description_cat_qst` varchar(1000) COLLATE utf8mb4_unicode_ci NOT NULL,
  `nbr_qst` int(11) NOT NULL,
  `Categoriequestionnaire_id` int(11) DEFAULT NULL,
  `qr` varchar(255) COLLATE utf8mb4_unicode_ci NOT NULL,
  PRIMARY KEY (`id`),
  KEY `IDX_7A64DAFDE693761` (`Categoriequestionnaire_id`),
  KEY `IDX_7A64DAF67B3B43D` (`users_id`)
) ENGINE=InnoDB AUTO_INCREMENT=6 DEFAULT CHARSET=utf8mb4 COLLATE=utf8mb4_unicode_ci;

--
-- Déchargement des données de la table `questionnaire`
--

INSERT INTO `questionnaire` (`id`, `users_id`, `nom_qst`, `nom_cat_qst`, `description_cat_qst`, `nbr_qst`, `Categoriequestionnaire_id`, `qr`) VALUES
(4, 5, 'qq', 'Walid Tayeche', 'bhjbjh', 50, 8, 'image.png'),
(5, 5, 'ww', 'zzzzzzzzzzzzzzz', 'bhjbjh', 1, 9, 'image.png');

-- --------------------------------------------------------

--
-- Structure de la table `rate`
--

DROP TABLE IF EXISTS `rate`;
CREATE TABLE IF NOT EXISTS `rate` (
  `id_user` int(11) NOT NULL,
  `id_formation` int(11) NOT NULL,
  `rate` int(11) NOT NULL,
  `id` int(11) NOT NULL AUTO_INCREMENT,
  `description_formation` varchar(255) NOT NULL,
  PRIMARY KEY (`id`)
) ENGINE=MyISAM AUTO_INCREMENT=4 DEFAULT CHARSET=latin1;

--
-- Déchargement des données de la table `rate`
--

INSERT INTO `rate` (`id_user`, `id_formation`, `rate`, `id`, `description_formation`) VALUES
(5, 1, 4, 1, 'qqqqq'),
(5, 4, 2, 2, 'QQQ'),
(5, 6, 4, 3, 'hello');

-- --------------------------------------------------------

--
-- Structure de la table `reclamation`
--

DROP TABLE IF EXISTS `reclamation`;
CREATE TABLE IF NOT EXISTS `reclamation` (
  `id` int(11) NOT NULL AUTO_INCREMENT,
  `categorie_id` int(11) DEFAULT NULL,
  `user_id` int(11) DEFAULT NULL,
  `titre` varchar(255) COLLATE utf8mb4_unicode_ci NOT NULL,
  `text` varchar(255) COLLATE utf8mb4_unicode_ci NOT NULL,
  `date` datetime NOT NULL,
  `etat` tinyint(1) NOT NULL,
  `traitement` tinyint(1) NOT NULL,
  PRIMARY KEY (`id`),
  KEY `IDX_CE606404BCF5E72D` (`categorie_id`),
  KEY `IDX_CE606404A76ED395` (`user_id`)
) ENGINE=InnoDB AUTO_INCREMENT=4 DEFAULT CHARSET=utf8mb4 COLLATE=utf8mb4_unicode_ci;

--
-- Déchargement des données de la table `reclamation`
--

INSERT INTO `reclamation` (`id`, `categorie_id`, `user_id`, `titre`, `text`, `date`, `etat`, `traitement`) VALUES
(1, 4, 5, 'qq', 'qq', '2021-04-26 00:00:00', 1, 1),
(3, 6, 5, 'bonjour', 'hello', '2021-04-26 00:00:00', 0, 1);

-- --------------------------------------------------------

--
-- Structure de la table `reponse`
--

DROP TABLE IF EXISTS `reponse`;
CREATE TABLE IF NOT EXISTS `reponse` (
  `id` int(11) NOT NULL AUTO_INCREMENT,
  `questionnaire_id` int(11) DEFAULT NULL,
  `user_id` int(11) DEFAULT NULL,
  `text` varchar(255) COLLATE utf8mb4_unicode_ci NOT NULL,
  `date` datetime NOT NULL,
  PRIMARY KEY (`id`),
  KEY `IDX_5FB6DEC7CE07E8FF` (`questionnaire_id`),
  KEY `IDX_5FB6DEC7A76ED395` (`user_id`)
) ENGINE=InnoDB AUTO_INCREMENT=4 DEFAULT CHARSET=utf8mb4 COLLATE=utf8mb4_unicode_ci;

-- --------------------------------------------------------

--
-- Structure de la table `users`
--

DROP TABLE IF EXISTS `users`;
CREATE TABLE IF NOT EXISTS `users` (
  `id` int(11) NOT NULL AUTO_INCREMENT,
  `nom` varchar(255) COLLATE utf8mb4_unicode_ci NOT NULL,
  `prenom` varchar(255) COLLATE utf8mb4_unicode_ci NOT NULL,
  `image` blob NOT NULL,
  `email` varchar(255) COLLATE utf8mb4_unicode_ci NOT NULL,
  `username` varchar(255) COLLATE utf8mb4_unicode_ci NOT NULL,
  `password` varchar(255) COLLATE utf8mb4_unicode_ci NOT NULL,
  `roles` varchar(255) COLLATE utf8mb4_unicode_ci DEFAULT NULL,
  PRIMARY KEY (`id`),
  UNIQUE KEY `email` (`email`),
  UNIQUE KEY `username` (`username`)
) ENGINE=InnoDB AUTO_INCREMENT=10023 DEFAULT CHARSET=utf8mb4 COLLATE=utf8mb4_unicode_ci;

--
-- Déchargement des données de la table `users`
--

INSERT INTO `users` (`id`, `nom`, `prenom`, `image`, `email`, `username`, `password`, `roles`) VALUES
(5, 'zaher', 'amri', 0xffd8ffe000104a46494600010100000100010000ffed003650686f746f73686f7020332e30003842494d04040000000000191c02670014326b4d786e503074586954587755684f5532385300ffdb0043000505050505050506060508080708080b0a09090a0b110c0d0c0d0c111a1013101013101a171b1615161b1729201c1c20292f2725272f393333394744475d5d7dffdb0043010505050505050506060508080708080b0a09090a0b110c0d0c0d0c111a1013101013101a171b1615161b1729201c1c20292f2725272f393333394744475d5d7dffc200110804da02ee03012200021101031101ffc4001c0001000105010100000000000000000000000602030405070108ffc4001a010101010101010100000000000000000000010203040506ffda000c03010002100310000001eca000000000000000000000000000000000000000000000000000000000000000000000000000000000000000000000000000000000000000000000000000000000000000000000003c794672d6c7a45dfcfb4aa9ab8fa42d000029d5677283a6d5f36f4a24132e39d2d37ed4df33da7cc5cc69ae1b55bd21bf6b73cae25b3e6a749ddc366480a0000000000000000000000000000000000000000000530e98e26fcf01d9d89a7a7c11290eceaf37bea1cfd014000a6a27ce5f467ce7f469c572b17af1c0e65a6dbae049a431b48260483644be17bf871a0eadcc6616e9b5fd134324ae650e9880a00000000000000000000000000000000000000000003cf46bf5f20f35c9e98ea14000028ac724eb4f4e773acaf0e6f9f391a9cccb1c6e8ecfe1a1e73d90718e97baa8e32ecde1a19079e80000000000000000000000000000000000000000000000000000000000000000000000000000000000000000000000000000000000000000140ad67591b969ae56d5a7a0ddb457cdb349e9ba68ea8dd79a8aa36cd56725f59af4ad416b502b502b502b502b502b502b502b502b502b502b502b502b502b502b502b502b502b502b502b502b502b502b502b502b502b502b502b502b502b502b502b502b502b502b502b502b053f3afd17c67a20b2a86cbfba31a69b5bc661d3fc1db66c4773aab5897b3b51739f4de6e60bee3d12dedbf3d7d15ae15d5e7b79f8682ddf551ddd26479e23d79ea9e7a1e7a0f2c7ba7db1529f62a78079469f0c92556ea2a783caa19323d79e454a7d3d140a0000000000000000000000000000341bfa538465c8749d73a0d9d9cdf4635bbef573a9bb438f1c8c0cbb979e15ad8e4cd48e7f632787b825d36ab7b1cb2aa9b823b45eb8973275d2c588d17ad59938b5efcd25ddbe98bbabcebd1839b4e096f658f557991bdd09a7cfbb50bdb48b4b9b91a6cb359b2c4dad991aa67191a6d8eba3326b0c99cd0280000000000000000000000000000098f01e8b4cbcc34dd4b97f3f4e7637b27e3b8d5326b5af347f1b7f9fdf944ba5e76c371e936035bb2269f6fe883c836b5a60e5d65d57bb41837b2063d9ce1afab3860d796345b0cd1671f386baded46876d9034991b31a6f7702c696422c6b7723033c014000000000000000000000000000003c7a8a71b2c4732774c5d3d5b618b946e050000000000000000000000000000000000000000000000000000000000000000000000000000000000000000000000000000000000000000000000000000000000000000000f0f5cc65a92147246a00038d1d94000d59b46af68000185093a180000474912cde000001415b96f520000000000000000000000000000045a53c7524b4a0cb3cf2cc013bf44b2795acbba2734c33a773ed2ced39cf60e35d28dd5517811289c6a73d7478195a63abf059dc113e8106b39f59bcb31e6dd3a1c9a1e8118d71d8e3723e56bd3a197a229b1a36da73a373ed0490945ee37345df69b4951d2f8974f8292fd9dde5e49fa344e5467c56550525f13b3c7d3e998ae5c3174bbe857524ce907139099372ac45e975f3de8400000000000000000000000038ff0060e7e93be5dd4a164b394f588495c0fb240d7272a35354e7bda62f0c2dcc6273c58f433a8e024cb0b964cce5f37c0acae25d2f4c74daa292b5c480eea225727ab7c9198aa786f395523779b28e6474ae774c8ce7137de41cd8dca77e796b6f4181159d58377870ef17453789f4a36b89963e749fe2f4d4f9f7b3f3cec471dec9cfe7ebc6afefa609ee2739f4cdead859aa000000000000000000000000f3d0f3d0000001e7a1e7a003cf400001e7a0f3d1e7a000000000000000003cf400080a000000000000000000000000000000001e7b059619c0000357b14ac280f3dc432bd824ec00000592f39eed096fb1e90800000000000000000b656e7b9e4cfdd2ee8000f18b1027400000000000005bb9ca09164eab409d3b5ba9e6e758caf35ab8f2d81680ec50e8b4ad217d3f937443799fcfa6a63e1447747b2ae7dae351d0a09d149343a29b7265b8f9dba99b0d645e426ababf28eaebe6af2f8a13c97c639ca760c18b585944938af4348774ae69b926bafd3f373a64b217113b343e23b9261bdf9e7baaec755b58d1a894c26289d5b0e11b627da6c5e7674198f27cd5e9a6b0c6d240ba0a49237b38c1bb9270de9243371a7dc126df686004b7770f831f41c675d1624fa5dbea0eac14000000000001c73b1eb0b511d2ea927716966ace91c3bb8f2c36511db5d353d962b0936526e7dd68864cf95e5995189e47cdf46b3730d7f5389c74d048651092fecb4dd588d48f945f333ab73ce866b398761e5e74ce15b1959a89ce824a41b6b4ec883ee23f223323532d313ee29dbb961a2df4ae0e6574be55d7cbfc63b3f3a5c58a6ea8474886ce08ac37b3725336490d9e1298ec8ed9cdfa4f24c73a5725e8b0528964627442771a3989b1e5fb59a114a713d373b8927253ac73bc5df2f4200000000000002252df0e3d89db3c4c7c8a8a053e563c7a3cf2a0f3d14d414f958f1e8f3ca8535078f453503cf479e878f429a852a852a829a83cf479e801e5358a2b003c7a00f1e8a7df479e543ca6b14d41e3d0a6a14aa000000000000000000000000035c6c50c99800001a4d792b000000000000000000000000000000000000000000000000000a6ae684933205a74ecfec479e9d2e4fcf22e770d5e960474891f2ebe7488c433349c59e25d9c8bf4be677c92e5737d61dc2ad06fd51fd543d2578f1c9113c8c73e96138cae19d34db69f994a8e931cc1e7475fdd406785414000000000000000000000000000000000000000001c77b16b53c87693524da35348e9d3b8d37e60c9a47ca8eb7c79d20e6dd6f0f9b987d338e7745816a2c749482578751d237faed89ca67393c9ce89a28fcd1601dbf9dc7133efd1d288a4d38dfa75fe7724841a7ee5c8baf150500000000000000000000000000000000000000000044a5be1c7f57dbea4c6cd169a800020d17ec16938df67abd5029f7d0029a879e829a8014aa0079e8000000000000000000000000000000000000000000002d97189960b45d5bb2653c1eacd0992a292e9696ebcf40002cd656c4cb05b2e2cde0000f314cb536cbcf3d001692b62fac65874a4d5a6d9456000a079e6aab73da09d0294e3da633bdc2bf579add94a0d0000000000000000086cca3c9aadb47b7f664c466fa28bfafaf7d5a69643a60b0ac9c4bccfb1d9ae9d77d08da6524c6aa6a9a351b12f62e5179ec8f5d28b9844ce1f2736b0b9873337920846ed2f6e6a8bae7c8e253134da499c2cdb45fa0c5896d745729adca2fe1e6f873ddd5a91f7f0e07919c349b60ebf162c6e6cef7523722c0d02492fc6689647bbc7cce5ebe6f2dd2e7f7f279b5c5d2637b8ce8e4c33bc2d2e668f59bd67cd9f5e1839f819d8d6ff0041ac9567afbafd4ae767b789d09b49242b7935bdaa9ab87b42d0000000006a76c4834d2e8c2d5c846a2373b1a2ddd423126f4b447e463c8cc9c94d4280091af24c20d2bce1abc7de0d2c6a7fa64d0ec64572a3d2125d3c667be1a9c1927a535802811ade5f5e716b925f35ce398d2df258aed76a215952c5cc2ee4c05abbeb1da2fb9cff0035982eca51e5e71c922acf5d36a65d4dceb764f71b8c66eedac47353386b117b9243517bf21442649b1f51579ee7d0000000000000000000000000000000000000000000000000000000000000000000000000000000000a6af0f00000000000000000000000000000000000000000000000000000000000000001efb4d4000000000000000000000000000000000000000000000000000000000000000000000000002264b1ca7a6265393ce4dfa8802f4242ef12e6bb4c4a94c2d26c84cc0bca7c8ad1fded56f3c2a5350292a53a1240b75454286b1766e6dd1ca9a7e7075f4362c9d6d0a8d1d69a0dfa9a68d24f9a3dc95bcf42915345bb8a9e7b45b8444ed029656c5e0f5e0f54fa7aa7526e148a8280000000000000000d26ee2246e6313dea4337d4e19d47499b0129f37fa1317a9f399aaed6093b835cfbb1d6e6258d86ab6e44e4ba9dcae36cb47ad24b834d29258ee6688df4637f82bb8c5dec44e85558bf2b1b27c5e59d479a4f939fc837fcb0dbecb2b406f615d5f4c6c773ccfa61039ac2b3ecd5eee2bbe4de63e2622f97f33566925fa0d825bde46f72b23d6ecb5d2eba8bb6931327558966ff0007cb6bbfd1b0137da0dbf8b978bbd88a4fee62e54d02800000000000000347bc111dfe788b6ff286ab5b27112db6dc5ad5ee479859c30eaca268771786af2b2861d8d98b1a8df0b5abdc8c1f7346b31b78015e7a355ab948d7e0ef85ac1d98f2312818f901634fbf26a33728693697c69365923597f306876f7c2d5d18d5de1876f602ce9f7c2d6af7230a8d80d6e2ef079e8a000000000000000000783d783d783d783d783d783d783d783d783d783d783d783d783d783d783d783d783d783d783d783d783d783d783d783d783d783d783d783d783d783d783d783d783d783d783d783d783d783d783d783d783d783d783d00002d5d169745a5d169745a5d169745a5d169745a5d169745a5d169745a5d169745a5d169745a5d169745a5d169745a5d169745a5d169745a5d169745a5d169745a5d169745a5d169745a5d169745a5d169745a5d169745a5d169745a5d169745a5d1697451580000000000000000000000000000000000000000000000000000000000000000000000000021c4c3de732b375ef10ed695b924a898fbcd714ea8b1a024d6702e1772a172ab33183839bbc61e1d6e1859a0280000000000000000000000000000000000000000000000000000b576c1ceb0b6d79353bf854f48befb4b9c72eecfa7c53a74577da58cfa23f9ba6baab9b2b9f63dbdc05d7d722c54dced22d299a0940000000000000000000000000000000000000000000000000000001000014000000000000000000000000000000000000000000000000000000000000000000000000000000000000000000000000000000000000000000000000000000000000059bc2c2f8b0be2c2f8b0be2c2f8b0be2c2f8b0be2c2f8b0be2c2f8b0be2c2f8b0be2c2f8b0be2c2f8b0be2c2f8b0be2c2f8b0be2c2f8b0be2c2f8b0be2c2f8b0be2c2f8b0be2c2f8b0be2c2f8b0be2c2f8b0be2c2f8b0be2c2f8b0be2c2f8b0be2c2f8b7700000000000f3c2a535000000000000001e78953ca4ad4547a140000000000005254a7d4f5e78540050000000000003c1e8000000000000162fc513cf64f708aecb711225ab3794000000000079ed296f47ad8ef3f97d1a37b0db5f4e864f12dd33b81bf700000000000f1491f89e9f513f51d52390ea9dbaceff008bf66bf02efa3c000000000000b45d68ae255a4b17c92e6ebb62028000000000089cb3064c9bb10da56ea29b2c537b7fcf5400000000005357896a0d3a82e3c13bf68b3af668b3623958f993eaad5de9f541a000000000f29a89c9e37d6f9367f5f495beaefbac68641afc5541e1000000000010f9863247f1b22bb247ec3eb260c6c99414000000000002983ce49a7dc7a014000000000079e9288bcabc9ca0bbcdf2738d5edffb54d5eafa4140000000000a23129f5be3b3794faf63d1e00000000000000008f6b6674d9aed9900a000000000000000000000000000000000000000000000000000000000000000000000000000502b502b502b502b502b502b502b502b502b502b502b502b502b502b502b502b502b502b502b502b502b502b502b502b502b502b502b502b502b502b502b502b502b502b502b502b502b502b502b502b502b502b502b502b502b502b502b0000041e79654a2a3d0a00001e7a00000000000000000292a79e800000001e7a0000000000000000000000000000023a6ee0102c95af032f57e8e320cbb36f8fcfdfcfb86d37d5f427bcd7a3e3d55855abb41c67630cde276abba7cc5cc72ddb13cd16f78909e4838b277aa31ed9ceba0c1f30de48f88c8ce96e45b35e9516d66852712287c4ceb8e3b215e81a6837492352fc5e6275841e701cd766937732d59d850b841dafce6959b09bf36cc27ee3b2f267e716d92ca763b4e7c74b00000035c6c44473368c4d67133fcd519d27e7f789dacde9469cdc2c6b8dc3cf40500629a2e29ee37bb5e6cf4f28f3f6c7d4ef63738caf4567cc79b1b2b617bcfefa7a4c0723cfdfb5d71e90fb3c2a6aa753e7adc74cce4ceaf1bc5e23d3b738e6f78cf66c648773ce972032ad66d273599c6274729d5f4ba0e4bd432310e67d2f55d0c80c77a3fa73daa779c7bb6c7c85734e971b39af6ed1ef0e6d0fedfae4e7389d8634696f4ced9a2e67d9708e7f77a2e69138fcaa4a736c5e8d4ae6c1243b64d962e4e01915d8acf32b033c056265900d6ebb776cd6e8e479351bd8ec2ea5ad8d9bd9aa6a5ba8d95d20280039d745e11b45f751b947a7be667c3645f3baeee0d3ee75d39dedce9375cf3a4db3df27d0d9efa379de6d4fe4bca7a9fb3e7d7579efb7cc0a000000000079afd88a2b00000000000000000000000000000000000000000007ce3f477cd7d99795a9ddeb507c7d96b386ae6f3433b343b7d36d70af7503da79bd72990f3493f9bbcc663c93adf4f265d3ed3eff001c0f2b4bb2d66717225af59ea25804f229859492ef6236a5df6d2236ea65573ddf12441b2a597e8b75cece8a8eea2c9d790f974b6e3f7b07a79b237b17b8c4afd80dd6a7087e5449bd83aa714c3b12e67b4c42f4bb8d9c2ac54f10d44cbde79b325dec2730cec2d16776e336b909d8f1ef23b709d9598933e69b4d739c7912d6e77d0698de9167f721f30c770cf5000000000000f381f7ce79b71899ea773e99a0d74832266332cd7ef08467667bc71abd8e4e1f3db3b576674daf7ee2bdb52aa6b49cf32a6372c86d89d60547acc975a9a2ca99d047b073f6eba14a6a5d46a2618b115aabcdb2491098512c6b02656aa2137b5763551f9a636b8c677f91916406e6549f7c22b23cabf8ed0ac5995dd738b656feacf4b118995a213bedb5db227ad9df97104ca965e8b3a4935bcf586fb2d6b9c7b5f2ccdae759f2abd673ecf96d510ea27589731cd6f44c1963f30b57b9fa427500000000000061669387e47448069a1d9d6ef9c6db64e05cebbdbd679f1af1b2bddf2b0bb29cea4924a2be1ec068003c7a00f3d0000000000000a6a10140080a00200002800400140000000000000000029d46e3c88542bb273ce7e8d7676aa59e6e9a7b7bfb7af3c76d4b37ddf9c5e7371d602addca0866d60138250e7d4274469226747453646d34d894acae8e7bb44df60f30e8e4a513d51d054e9177b8910d7a743bf01dd92346f197237dc63aa26e9cda546fdcef62bbedaf16e8a92473a9e2e4b5382924d66b7444a773c7a6e4a90dd71d0d45a5c8738d893673cd8a4c9cd2766c22d1ed61d7518f49322bab26b6a1bac5ea685e324f70f02084e77b099b00a00000000000145ac8b5996afe3660168500b773c3906cf2f7046ae48aa48b4be8e7c6c2414eb8b2dddf22f2dd14a886d391b9235d2a37aa3a047f7da7582ef316589851bdaeb4b58fb3ce3518993322176b22426b702598846e79a8a08974286ce8f789f778490e93e64808f69e6386b1693636b9243832ec721badb58e67c8ee65106c7dc498b11aab646afdd862197119ce9c95e925f0e213b195e09a99e531636735d26ec0500000000000059bd664c7cec1cea0500003c7a29f7d183a79207af4a550f3d0f3ca800001e3d0f3d1e3cf0afc7a78f478f2a3cf400a550a550f3d787b47b5117dde68f3d781e85350f1e879e82ddc3cf549efbe7a0000000000000002cdeb3263e760e75028000b69551c7b20eb7472bc926baad1ee0cf91731d21da6be538c75bbbc6faaae75aa39b9d3a9e791b4ed34f32c33aefb1b9007259992742a2e6f2e625e59ff00b1e83275ef3955a371d1789f6c3cb70ed31d33ce6dae3ae7bc9328e9b5f37a8e874f29b06fba1735a4e957b904ed6430f9171e4edd4f2b95929af995d3a3f9c70766a39aed88e75ae3d3e2416b90ce8a25dc7730ead5f14eb46c428000000000002cdeb3263e760e75028002cde1c5f61d32d1ce3a6324e5b973fb6739cb9e5440631d9ae9c7faa5bdb1a0e63daf5673ecf9e5473bd4f61d598bbcaea393ce36551c8ac761a0e7b77a1f84222dd7f1c83e0f56b072bec3acd990bd3cce1294e2cb77ebccfcea19042b4d3bce396e26f294c1b3d42f2f25e8595b62ae47d7308e6d3ec8cc3866f3a1e61cfae4eeb23f02ebb64e4db5e95e1c5faefbb2394e0f58be71feaf46d0f40000000000000b37acc98f9d839d40a000000000000000000000000000028ac000014fbe800000000000000000000000000000059bd664c7cec1cea0500000a23c4911ea1248f3d500101400003cc54cb6af10dfa8ac00792fa00b014028d0b52142729da588ac9dcab7873f5496a524a948a948a9e7aa00f13d4676abb100000000000000002cdeb3263e760e7502800011edbeab68997afcec231375a5dd2a2b2a8aa6db69169480a000f3d468e31d063f66d2c6d69231298bca06837d8e46b2f12dd8cdd2cbcd449e2b2a94140a38c767e50fa91cf5e67f615f6ae47d8f5f96c8c2cca5f12173486cbef68d6644f637b6dab8c669773763ae9ca53e9383172a3099d8ba690d9a7dded2b97d0a000000000000000b37acc98f9d839d40a0000791b92d290fcfd96c405f2372526837e00a0000531496f891fb9b7b8402775d623f20110cb92088dd9488bca00140f35fb12f18c0ed38d3ece36f2af6fc7f3ca8cc6fd9152d44af4a975134b0b04d84ac79e93928ac59c0da920bbbf36e648500000000000000059bd664c7cec1cea050000000000000000000010140000000000535101400000000000000000000000000000166f59931f3b073a81400000000000000000000000000000000000000000000000000000000000000003ca0b96717589b8cb8fe731b25ba9ba9e7a028f0f56ea2a000292a5bacf406b73cac000b65c5bb80031cc862658000000018f900001859456000000000a49529a94b570f42000000a000a69e6152783c2b7337afaa4b18efc77dee4e273f997a63cd358f57d277fe7deedcfd7982d515db3816ea23bb4ed976de4166d71a9f2cdf9f741e2e5591d7b89276ba308bcea6f19d8a624ab985c3a83864a57a7c32379e4a3791b82a75dbbc83357a4d10fe8846b6fb1e1c763cfe73d18d7dee5578e978bcb74477fc181e88ec38fcead12997725bc744d9737b64fee716cb3a4e1caf9a9d402000a00d41b71116c9ced7eb3aaced8e09852586641396166cab17f5c6c6c6baa36be80280a6ad310ae63edefa1d31f7387bbf2f5d66ba411b9c37b1ccbd973e3a59061e4f97e8ecf6fa2cdf3f6ec77a2f27f77cdf69f7dd67866dfabd55835668e2f23e8b42dde67d33c385dded95a796af8e5b3dd7c8ce238bdd69384760dbc44e77d4accb0e4da3ee6383c9ba8fa6b36d4d4ae5dd46d9c2fbc515a42e05dbe939ec5bb75920f4740a485731fa13c3906c3a75470e974fee9cb6c7571aa8e48b665fd26ee93579595e9a5ddd352800046b75b2259cba492c590fd96f860ec7cf7342db37800000724eb7f3df568249a4dcf6ef54c7943e7f4ed5cb6ad274cec773a0dcf3c61ed705e3fa129ddc1763c373898f31e91e9f0647be7beff28045a520035c6c40000783df3d07915256f3d001e1ebcc03600008bca0005254d7e79e800114256f3d0000000034b96678003033c00f22c4a9e7a0003e6cfa4be72ecab611e92eec131f73a7e1b4aa2b3fca3bb9d26d72b72085e779fd5bb95c1775e7f44a671c63b4f5f1e579edbf67979ce7c6365658ccb53133613a3e8862737cdde12c8a7b3d353aad2d832f7f0ebe49b4f38831268f6bef1b2d5578c6649b2342b29d77389d132814f79c9b9e713ed4a6fe45cfe64b8b178e74d48249f4f1c261b783e599322b98e73ce83a0dc99b2ae7bd0163983aa8a274f82e1ee4bb3a8dc44ddc97d89af4f8d4979725e9161680dcf9be891b6d9733df9ac95dd8f1d1b4d93095cb91c6f11345d521f497e5d06c93362126b074cae8ad4003ce23dba1db7099759d8fa71a6b37b3ee753bcd76f920f4c8aef0c453264f879b1ebdbbc6ceed7d11cb7aa4e972ddca2382746d94988d6e730b1e8cf47115b72e26822bd27c235a49fc3ce61d4ae4acc680f4710d82f6ad21a3da49461ebf798c72cead1e939e41677e2c5f0e69ea6862fd1bc2371de8e219e4d073ddd4a06beced8b04cf96121b31f4ba3a77c4856c6485d3d9df139bc8e49eaa252d8e9cce714cd53161b3f1cfb79251ce255bd1cdf752e1ce3712f112d86f473892c88406c7451e7a2800796aefa9c8b0baff00396a25b0db6b3acbb7f230130e9cef670c365636f9d177ce926db61e7bc3d60a502b5ba4bad26a8987b199097547a54b574168baa6d9794505e016ea2a5b15f9cf2b3a0fb66a2e3ca457cefa20796cbab7e17545616ae1ea8a4aeae71d10ad6ee0796cbb4f9cf4e8ab3782cdc2a4326254b370a96ae80000000000000796323c48c73ced1a1e7de01bdbdb6f3f4d0da92d6e30ef675b4efcf41227bd014a2bb49c8fdc7d82ddc2c8e98903d96832cb5a0dc67981e65c68b9d83937545bfc9ba373025b10db6cd31f43bdd5af45dd68b789c92571a9b91dd26363924bd837497f3295458dee365609a9ee7c7bb091287cab4464ea3370caf6ba8156f6bd31aaaefe31bab9818eb81d439d7424cbe49d679919d83999e47e6d5c6cb57b751b34b37d46718399b7d091fed1c93a42efc0000000000000000b576dc96f2317294280000c4b1b21859558c3b5b1183ee68c3bd786a36e14ea77030aacb16f59b71e3d1815668c0b7b3188cb1858bb718f67386af681a684f4cf08bef3603072ae0d3e76578735747a930eee4974db7a86a60fd3683199a316ac81a7d95e181917c697697869f6b580000000000000000166f59931f3b073a81400000000000000000000000000000000000000000000000000000000000000000166f59931f3b073a81400013c8ed5b623f9bbed71b169b7214c5096b41bf0140007879635719666d6ae63aed2a8c49c1a836e8b629336bb444b9839c0280d7e746532afe4e1d5ddac5f7b1966219687cb0b886ee8dc20fb9adfa352580518c992d3e194ee635b937214000000000b42ead0bab42ead0bb67cb694676bb30bab42ead0bab42ead0d26d6e47c93ebf4772b3b7567d8bba4da408946f22b24b2f2d25bab42ead0bab5e1723dbb8dd92ca70b592da93f379ea65f96e858ea8d0d92d8aeff00c367b7d3eca5bcb42ead0b9169262d67791aca8c193ea76a5e59f08dcaa3774b320d16c6cd1e26ded1ae99c365f2e42d0bb1890f9642641b3d79b2bf0bda92058aa5bab42ead0bab42ead0bab42ead0f570b6d705b5c16d7050ac51e5c16d705b5c16d705b5c142b142b14797050ac52a85b5c16d705b5c16d7050ac52a851e5c16d7050ac50ac5bf6b1479705b5c16fdac52a85bf6b16fdac50ac50ac50ac5bf6b16d705b5c1479705baaa1455e8b6b82dae0b6b82dae0b6b82dae0ffc400341000010401030202080603010101000000030102040500111213061410201521303233343540162223315060242536708041ffda0008010100010502ff00e7e55d30329a754f64e5d13bd8b9dec6ceee32e59dbbab9ec76e67b3b5b25ae6d6caef637f3caba61e43e4be347681a9ec8cce40fe17d32346e7962e9ce22f527a8fddc78e20cd8d230d2040c7ce8c2684e33b0d3e203033231f35d31f67086a1991a47816c21817a8a488e1a0fa67f3d6442a64729c4deee767773b2214c567b154f5577d5f44cea6f98074f29db2e3bea27752fae3c3a2494094ef43d641850a4b67c70c224327a46b3d075a2c9a16d7c99b60e155565377e3b8ab1d72507d2ff9e28da56eaf8056391edd3d9afed5df58cea6f980fc2ea6f9cea4f96acf90ea31aba0d5d5419e0914959158656d6d3d5560ec59710c304d64c55a3e9f90c241ea87b76d07d33f9f3818664401409ecddeec5a49209d97155227947f9596f552279edeb8d3c30c4e8f18a261c6fa19a07b68269d7b00ac34a5b48af2f4fcb2a0a222c27d04d011fd3f2cacab8cf870ff00a6e9e3a6699a669e1a78699a66dcd334cd334d3ff953913391337a62cf88d777f13126c5762d8436e7a4a0e7a4a0e77b1b6fa461e9dfc4d3d25097127c37677b1533bc8db52646766f6e6f4ce44ce44ce44ce44ce44ce44ce44ce44ce44ce44ce44ce44ce44ce44ce44ce44ce44ce44ce44ce44ce44ce44ce44ce44ce44ce44ce44ce44ce44ce44ce44ce44ce44ce44ce44ce44ce44ce44ce44ce44ce44ce44ce44ce44ce44ce44ce44ce44ce44ce44ce44ce44ce44ce44ce44ce44ce44ce44ce44ce44ce44ce44ce44ce44ce44ce44ce44ce44ce44ce44ce44ce44ce44ce44ce44f25a3364fe4c81eac9df94b9eac1faeb9da2c71222c75168c8d1ddc0d67264a1ed8f0d3f5869a37fa7f50815b274c85f10a89cdc6d5cd9b719fb359b849cedcfd74ce59299c87c5319cdae429a6a78eb8b288455912858c2348dd735cd735cd7c35cd735cd702c90d27935cd7c1f276c9b12bc434cd735cd7219caf9baf86b9aff1b611d0e0fd2c8cd6f2913699addf8f115ae1b5ad6ed54c4572638dea523173f49d9b19ad344db9a78ce7ab233dabc88c70e5c4fd396f59249a46ca82b6057a04203b5cc5913dcf74a80e9a526f3825818c14b96c8442b4f0c8f71a324c92c6f711254d924e5273456964b8b5ed04c90386f29c2f8e56cc9ec78e2ac396e6c0944363e3995d00c452098624c2b65415992dcd6285e891a66f8ece59591659187fe2e7c570ca3f512426a416e5ced88ec27e51fe7c57bf10adcfd3762b3020e5c1b3637c650d4c0dbdd2769b323c6e1469182b3b238de3b06ed8aa9a8abcac0a58c86172526d24ff009485f2a0faa42f8f53f0667ce4d63126bc15c26990495b1fe5eb3df92e46595a39ae024b8fc55fb9cf8828e7c81c6936294639f6476385345b33b7add18303e2440c22884c809213f8b7b11e9221384f78b56eae1b8dab80d1aede3ce3cd9ea5135712338cb061a456794b1445c642031738986b11418e152c719d1134c2c3019451001c2006573c6d2318341b500369591c6c7040c023e38c8f205856b6ba2b55e06106d6a31a300c2a68c23e7681d8b5d155cd1b588eaf8cf7323084eec63aa8e0c7139cc6bd3d1917560da36920462a8a38829fc69e3a39933734807ee446ea9b131479c4b82af213011871d3d8e9fd35e261316b632e7689a76d9dab31a2637ffb5d72e66498d2ec3b8ed2afbaedfcd16c25bee3cb2648a20e2c914b179642ab434130f29be799611e0ab5db93d8d6cd926b4fe227590a0be55f448ce877f1a59665ec588f877d164bf275c4682e1752c57284ac3325ca1441fe278dbace686749972990e3429639a097303087f8a23ee8938134723a8210145d4d1dee63da4642faff008499238835ea88fac2b104e1d95d479916b2e410e34eb40c156fad2cac855f837a3d932fa2c427e228b219d2dee4a9028a37753c64583651e7a4f9e3af11ae630401ea48a524b9638b1aded0360b02e812493ede3c0567544655019920593ed05030244309d751db33f6c8b6a29722b08d15bbfa9e335d02cc1608e546a1fa9228891ba862c8237f83ea7f891a8e1b59770470490e96270dd426c090b2b656560a24a24c89486674ec97b4f62a5b2b465257b4767003066defd2a8ddb2a914b7b60da4af6b21d7020b5d4f5a17cc8f4cf8fd386712242faff87518cca95eb4a78f120c788db7ae891e0535743910ba97d4f6fbbd5593652c4aaa8a864a14da682e0f4c7b96a6ef6c451a8c43370d74fea476b06aa9c524171531e347ae6b66d55fc48f1322d7430e48d82b948d4d31800b238b2f637341a695bead50ae42ca44aee9b17e404359b66ca4af63630fb0bdea296f1b20d144186ca9237074f4d7488ffc17547c41e9c7d53ea646f97ea9f88f129686a20419c35e9daf4cae855c13efecafd3d697ee6ba75efd2a9daafa6a32242b0fdf0c4468208dd712e5525782374c7c087eabff000220d5b2e822bd3a7a4995f7df4ba05ff5bd4df142e478ba9dcd5cb71abe9e8240cb0262b5b1ba63dc91183e994e9eae723e9ea42fea4446c1a2fa77507d368be97d51fb83d6093162cc4b1a56c31d2c924a85851a104292b080283fe88962aeacab07041a8fade1bfe93a906e61e31d870cf90c8f1ba644eda9fc15c569a7bd89a32e6bcb60806ab0375587b0745128a34ba22737a2ae8b95b56280967542b06b6aae988ee9f3eeb18a4970aae2be1c5b2a714dcf455db72bab56188f427117d1367272a2bcb0073689c53d5c6951859655bdf27a36f11b5556daf64a8ec94065258c77cf80c9f1d957761c2f4f1dec609380d4328254a7b13e53d716025955067a254dc872251939ae2012747ad8ee8b16d22be644ad8cf8912d2b92c055f5d631644ba897dc3eaae24e448ac881f09d465913918dd9f878dddfec906b0f1ac30958675bc98c3962751d881cca19a774708c02fe0b4f0d3cba7869e1a26699a278e899a669e5d3c34f0d13344cd334cd3c9a79b4f61a26699a278e99a669ff00b6dd4f3c06477abc5e63cb046c45d53ca672b034b6079edf6045d194b6479cfb7932a282b4e7911fee1fea652d91e73eea6960c78267c88fe5339582a59e69ecfb37391884bfaf13997505e30ca19c22b586648d711651e4d9c488a9d455f80922923791a36bba82bd16f66c6980095a085126026b08f418e2ce0cc4916f0a32b7a8ab957b9170ddce8d3323dcc176388d1b5dd435ec747b08d2b35c93710a2b96e60480f4bfb9e1266c788d6f50d72a88c33b65cd0c369ad6247682ee0c87bfd62e97f892e5821b01242708ad22187f886bf70640a431e468dafea0ae63a3594495e279808d9f88abd162cc04b64ab08f0b0f730a3b4076c8149b78511c2beaf2b9aedcdf09363161e33a82b9eac92220cb7d5e258d730653dff0fa63e2753fc9d57c93c8d1b5fd415cc747b2892b35c93710a2396ea048174c7c3fb3ea39456e44a286315cd4c58d1a9fe914f0073c91eb21c55995900c6744a17a513b86c6f8e53cb8f470463bdad8f0b247d1fa67e4a6fc9f4c7c0915758852c6a12b3a79dc8dbf871a1a82aa0b52fe4b892431688439c30c293327a8eaa9ea47299328e028ba5fe1e15fc6c86075dcd7525739a021a9ac3a9575855d4718a0bbad040cab2b8d55d2ff0013a9fe4697d7555101b60491450383a688e4957f25c49218b4621cf10209a29b9e3e4eae8d373b6a06643db0eeba9ff7aea586f8d6246d6d7d5c6af232744a7283a72590a3c9a6eda356405b52128eb88d8d003163fa329a265a86bd8cab3be4d6f4c7c4ea7f93aaf92bf92e2c90c5a310e788104d367bc7534f502923994701c1e97f87f67d4ac543c6961901bf921eca9be91d31f1326f359dab7a7e2236a0281bab25e0bd6aea9d4ff08feba7e99727673553b3e98f501a32dd587e1f868ce9a4d25753fee1f83702475c7e191e3ba742ccb88dc5514656920495ff001fa63dcc96cde0e9a7a31d96cbdd5b75122a57567c87547cb53fd1ba63e2753fc9527d2ba5fe2193f47a73ea1721475bfe1a168ee9c033230b80197d38cb22374ec76b1b19912f7aa7f7adfa7f50b15d5f5f4a29d1ff000c8f2aeb8509532e18afaee9b2b162e581fb7875959e93cbaaa8d0a3d1fd2fa63e27537c9d5fc8dc8775bfe1a1e8fe9c0332de3f0d45195a4af92bfe3f4c7c3fb393185286fe9a7a2cea9141874c8ef44d1c1930df963532db2d17a864656d64b8b656b58db018dbd431524d55b4960c5fe2fa3ed6b4cb16ee7a52423c319eaa7c2949f8864e5357c9847b9ae24e1451df08b6958d9e36a7514546d55a4d7ac663a3fa32d2b8ae8b7b3b28a11e137c2c298a87d3a8899554fda65ec33ca8d058f144bf8922602a8048f01d556b08d67126cbaeac8e68d028a0c986f2eaa3a5ae971265a55a4f1a2750c546d65ace78c683665b532cb731dd44882aa9ecb1be83266e4163850cc261d8eabb580f77e22939575fd88b1c88e4934d2e31f4ea33e47825ec4712eab1d2605cce0d4c62c786eaab48469908d3aba245bd8c4b4ac6d80913a862a36b6d673dd186f8eb5b695c458f7b3528a19e1b3eced4338a349d7e3cecad2d4a213443d3c74cd334cd334cd334cd334cd334cd334cd3c34cd3c34cd334f32a669a62e6dd315334cd334f0db9a6699a78e99a66dcdb89e1a669e4d334cd334cd334cd334c54f0d334f0d334cd3ed34cd334fee7aff559847062d2ce34f0f9e799f1e254cc2cd8bfd17544c35c4103996310821186763ca3127a6e0a3c65191bae489b1e2a02da148545c572223ee60b0849f1863b1722d7f4c7ca6b922d21c7c8d3a34a4d7c35c9367122e4e991a556f4e7d3de460d16f2035c29013b75c3cb8f1b037308afdcd543dbc38eb1ac22cafe77a826900c89d38270ad699b0414ae4654e926f657e1b85b06e3d1cfb59fd902beadf6992fa702d1d0cf2192f6515c7074dc641da57fa3cb33e97d31f297d38801c3a10b9b635c95b95f27bb8b9753961c6aea24923b0a21c68fd39f4f9243dccf6f4e42461c06a1952e7341060d596db09d3519cd9012c3aaa98d5b2582a3863327f39d4ac730f1a582407a86483b2ab4575274d91a37ea99d42f434cea31bbb6a02b1f5c47b1ada1457d95aeb16e0670919d46709a44cfa5f4caa769d48cff00299d3ac2357a6d8d4af8a90e3e753b5786bcac242b7fa6f4f7aeba9950169aa6753918adb30bd28e88ac7d76b8ba3b25f4fc632b09369a637f6fe6e44714a1bfa69e8b3a9d9061d1a2fa327d191c6d3a8f4ada5788a6030e3254d9402ba35f4ecaf80c8019b083384bd3656ad9d78a0bdc2e58a3adba82f9b01b3e2b61ded7af657562e8c0edc392a23258190aeab5cf81753994b18f161da52b8efd7a8db90a9a490ef134832d3d9422edea29189124f609f8862606b6c674a4f57f3968f9c31fe21963c33ac6edf18280079ed4d6405fc432722439b65313fa8edcd34f62b9b7ff00305d131a513bc55cd4c4d1714a36aa62e2bd8dce41af835cd7786e66be6dcdc55d31a613bc5551311c8e4f2ae72895715cd45f2aaa3739878861af919284427b0932871f23c864844f218ad0b1876119cc3c45d71640f9beea72b8b2655788428c679624474878e7c451b39786be3c061835c4723b273109389560db5c47e4633e39244a6080152ba6794ac578da0edec25c72485991a30060572872cccbbabd54253c86476bad00d51481998b680441bb7b2734ef1488201470721e11a32c732794c269993620c0c1c10a60258cebde0f9df298c28cf1f949318e9679a3504298c630f2851f05601238f2d8051ce194abeac912584931e48ccd75981aa19033a127846f8d21243653c6311dec7c18f002508d1d1661de8cb04b30ee5235ac5b30a28240ce8b6014c159048e299826a598756b91cdfb197114cb2fb941414e088138e436dfe5a426b5711758d0bd73f27efef9c2b322458bdb0e00da50821114d27d561e1240f322789fea8f44721abd02d886e702fa91b207dd9a5b1d26d151d1da21a32268c9754c6f1262e11ceb033511a963f1d3c2489c518daac6f85afc267b889db4e4fcb80fd6990fe7cc89e919289dbd7a7f8cfe559a61cb3658fec2635adc969fe7586ad8b144c681a883b01b11f629eacb2f954fa50127f14786f42198d7d8580dbdb4972f6831b1ac6fe9d8431b5d22c18d6bec3557bfbb232030830fd8ca71dad6403189b515a20b00db0090a06097b668674748519630f0e02ba6e3bf6af09038b87091d33cc501167cd8e622bd93e4a047c22928f50c2070826039813108907fd935b0e23c0caf09022c9cd338216d885b15d215b34042153cd6022158c4d1b3e390c8e8ceeca001e11c68e564b9803299ad2123c71cd0ac98c6e656ce3ace8c52e33ddc9212ba5945ca268e74748915ec7082f49b9346e2c7e02f61158e1831c12f7d346e281d1b962b7d20248915ec744090659a029725c5530ffd839b1c6e10fedf4fb6971bb96b53d5ff00be6b9ae6b9ae6b9ae6b9ae6b9ae6b9ae6b9ae6b9ae6b9ae6b9ae6b9ae6b9ae6b9ae6b9ae6b9ae6b9ae6b9ae6b9ae6b9ae6b9ae6b9ae6b9ae6b9ae6b9ae6b9ae6b9ae6b9ae6b9ae6b9ae6b9ae6b9ae6b9ae6b9ae6b9ae6b9ae6b9ae6b9ae6b9ae6b9ae6b9ae6b9ae6b9ae6b9ae6bec36b336b336b336b336b336b336b336b336b336b336b336b336b336b336b336b336b336b336b336b336b336b336b336b336b336b336b336b336b336b336b336b336b336b336b336b336b336b336b336b336b336b336b336b336b336b336b336b336b336b336b336b336b336b336b336b336b336b336b336b336b336b336b336b336b336b336b336b336b336b336b336b336b336b336b336b336b336b336b336b336b336b336b336b336b336b336b336a27ff0010d9d9f628cbf9627a95106ebe9cf5ae9e93c1ae4db938cf5b6cf94fb1b17c27c890d8c1ac9c79c3d71f66769596ceded76e4f00cde591ae6b9ae6b9af8eb879dc07d735f24b94c8828b7eb2a66b93a632083f10cdc936646c2f4fd8e555a127b7f104d5757ca34b064a98d8adf4acac8b3992735f1d735cef7fcad7c5cba23ace4b712d242a4533cc1d735cd735cd735f074ad92735fba7c101255d9d86520156040b60428940cd03818408a50e93ae6ffd45457deca1b1ac6e00c30cc9d20071f2ac387ad96d19cb2a38125776631c079d2ca12ca92a38c5944001cb62268a5348069674ac8d28ce749493dd3cb263461f7ee46fede05130cd3b1a2ea04cea2d757c985d874dbb58f7725471e2c54afaeacb1487121cc0cd1e059dd4fdadd2589219e51c833cc7b851db276c362d8c841493b976c9ef8872458dfecb6c293dc8b252276f589fe24839012a7cc284d364bd8234a2002aeb2135263162b4b3e52469457b9ed99de10b223451f7ef44d7ee6d6c52086bbb08e966fe6adac357240a1d564b6485c4b7b1473e21eb620afbd659f14b08d0e60a5875c8e261662b120ccb46ef0b63c37320340d601cd15858b77c78edeed584593966cfceb1a1ed60d8b02286390714515b26c3f2ce7963b84718e2b44aae1f82e4affa27c8085d2500e14c6d381b511161c307fb2b7925400416101f1e87f31f15dd84c972d1c253ba716c3f29a7c80ac620dc4ac8b2c0a012f7162f5465ad9fea01b1e1ab20340d6264bf97acf94b31ee001bde646d641acd9f9d63c3d840b16ba28a31471451524c87232c4850385206c8a8272b99f7126ba24b77a02af01145184fa6af23c411818c851c672d35799e94558dc3418c7cda9a02be3457e98c8c21bcc019da816318b5b1155a36b1a58603670b38c51c616b61806470daf4f46c44546a221204723851c4142c611b1b0c0c1b6ba2b5de47c303e44e85dd94f1852851eb21c5c566e48d10111153547d2d7bdc31302dc789846fa3226ab063aa902c2b5b5f15b8c1a31afae8af70c231216200cac00d835ad88aad1b5898f623da21302c7b108d1018168e2844e70daf44ad8a8bb1110902311451c4042c609f1220506dae8ad769fcde9ffbc6ab9abb35766aecd5d9abb35766aecd5d9abb35766aecd5d9abb35766aecd5d9abb35766aecd5d9abb35766aecd5d9abb35766aecd5d9abb35766aecd5d9abb35766aecd5d9abb35766aecd5d9abb35766aecd5d9abb35766aecd5d9abb35766aecd5d9abb35766aecd5d9abb35766aecd5d9abb35766aecd5d9abb35766aecd5d9abb35766aecd5d9abb35766aecd5d9abb35766aecd5d9abb35766aecd5d9abb357622aff00f116a9e1aa786a99aa66a9e57bda36a9c4d6fa97fa8590269b3a75ef7c59b2990e3c07ca75b65c4c2c8253395d57466fd3714f73246c41b6d955b1a12eb1e570f0d86ced77b582195856ba7c563985195093a309c230cc9fd29deef4dfca1de967685562750dbd82430863b63d451aa7a29052891298b19f132dfe5a0fcb5a7c9cbf907b965c89cbc3102682c157b912522f6878fc0adfe94ef7680240c6750427b9f4cd6d94aa98d3124d046602960a478f46128592e19e04909394768c73c029324433b8b2214a1bd60ca8bcacfcf3620e41c0c8ce94473e51916b42f1b7ff00b0b6a66d4cda99b5336a66d4cda99b5336a66d4cda99b5336a66d4cda99b5336a66d4cda99b5336a66d4cda99b5336a66d4cda99b5336a66d4cda99b5336a66d4cda99b5336a66d4cda99b5336a66d4cda99b5336a66d4cda99b5336a66d4cda99b5336a66d4cda99b5336a66d4cda99b5336a66d4cda99b5336a66d4cda99b5336a66d4cda99b5336a66d4cda99b5336a66d4cda99b5336a66d4cda99b5336a66d4cda988889ffb2a7f42211a26f71324e715967fb21e4696d3fd9b9c8dc6d809c5319043f4a2632cc6e73575fb3993db1b12e0fab6cc4a275c1b7449cc9289f6b2e524667fb2464632480fd94cfd69488889a78583781e376e6fd8cd6c921500ae2c342ab38059622634509758ff0062b935cae93e315cad3b3ddfb173d1a8db18ce71a68438614b9d8a79aac881e007d94b5e198d5d53c2c579546dd8dfb15c0fd43c2cbe0c1f974fb2b30ec91e35c052993f64fb1b4dda1d22f695bdb71fda9c0d3b18b3a264698a75913181c8b1c8a4fb25c17aac35c23951a796f33032ded46fedf633e2f7025456ae3515ceaf8bdb87ec882695a9502471ab98e72cd3c6ce6b14680cd30bed364bee63c318334fb493095efed26e4509d992a172e4486804fb3975cc918b5f291f0ab9a0fb79f15d219dd99470c4a007f13a78699a7dbe9f73a7fe8fc8dce46e7237391b9c8dce46e7237391b9c8dce46e7237391b9c8dce46e7237391b9c8dce46e7237391b9c8dce46e7237391b9c8dce46e7237391b9c8dce46e7237391b9c8dce46e7237391b9c8dce46e7237391b9c8dce46e7237391b9c8dce46e7237391b9c8dce46e7237391b9c8dce46e7237391b9c8dce46e7237391b9c8dce46e7237391b9c8dce46e7237391b9c8dce46e7237391b9c8dce46e7237391b9c8dce46e7237391b9c8dce46e7237391b9c8dce46e7237391b9c8dce46e7237391b9c8dce46ff00e89aa66b9b933737354cd7d86bed35cd7da6b9afb4d7edb5fb47bd8349375b7096330b837bdc5dce45439d980b63b1c09023b7caf5d19f89646b1ba93791151c9e49b305044bd4b2b5afb604d6e2e0ca7b0b4397803573fd201f25c98808152579e07926239f1695e57c1cd7d94c6d8fa413cb72c2f675b23ba89ed25ce6c758a653864583daf8733b9c618be90fb09d3c50db2661e5919fa9878646323fc656e98f56e9afada5701d02e98f722a2f91fee53480459773321cd64263c714cc23c71ae091d6a8b3a5784bff003ef19180d65d476c099189cb1e4bb607a6dbfe35d24f515024fc94978f3867d8c3993e6ca83617360b163c97497d0d32a255bec2cac0ddf5b56bee6714112312ee53de36918c634692a7ce3cf8296cd36366ca05b5c4f58603d8c98509e5bd00db3d6455c69777385653e5c4681b76c7d84e921b4b5b37c67bddd431db5f63df468b616f2d20d84f1ce2b11e3e9a72ecf62290232f84a6338ab7e508e8f0720feb4873cacb1212c63a09fbc7e0ede07ee6eddce3b93d84fb01c3694af3bf19bc18f9472082ba10a4daa49499ce42ab61bdf8084142459c31953f7f07fbb491c52663c494d66d723915cd6a4e42dbc8a9983951b2d1848168cbfaf736610975342ce311dbbc5d3aed033fd70ba72500606bdd3a6c91c714eba8bdcc287c96b32e59a55d448096ba9658a03ef27c7963b9628ea617ca784f0d54991532e432cb2fe3b944373ee6cfa8c3f9d6355708471994bd35f216895c4c215f5d2acf55b9b5d62db48ba8081a11bd05d33fb4bffa2904e20f4db3f471c51b5cf23069b9bb465117cad1307e32be5eb7e5193239558ad7d88bea965f2717e5bc1535cedbd6d6a353ce57f1b24c87c93ed4c4d5718ddad57b59888e574df7c606226e60f04e6f1c7e0634ce8c4356c85911fc17f68d5d122924c404b6884d0b0c261c71e2822b03023472e3d8c2b568eb95431c31dbe0b5f20163fba36ae10cd22aa0ca7a54406e5a598e0b3a762ec039ad7b415f122964d74494b1eae14574988096d63106df091550653a3408d13c08369991a0c7898f130cc4a3ae472804a28d143119261469880a9831dc58118c62804763692b58e41b1191a147898f8319f26cc1225478806c6063803790c1619bb1bb031c404f3bda8f4109826921473288020a2471214826958c6a31bed2fe4f101bef466219eae14692401878b01e686666839786f713de18d5866452b95d1424744d07f68b858d1cce6a2227f357a5e49f9072c0bac905d3d11d702463c8aad92bab75fc8378daa43a131b31c3564c7bc95a7711e9fb7f4f9cedd395748d0d3d52175335ca8aae76081fe29fe0b137853886f0b02d6a1e1ab9ad089ac735505ee62fec29538ef74a9b1f1aededf209cef49f81e3b8aff34c90f013c8f7a31bc924d9c9281832348dd7c9af8eb9ae2fad2301c14f2ebe0c92f74b9ae5491af8bbddac7aabbc35f0d7eda726937545143fcd92988d77823116b1feb8e3572465dce788af283895a8e7bdb0a21d5d81f878bfb4292c8e4932926b6499f183c244414a79a10052e4863c8382407eaad23e3cfb190fe496af1be510e934e09806f76ad8238d2ccdaf79964e4c01186d560c61325cd4094f16464ef75cde6389aeee2b95741f7272eb22116710a8560cb1906c933310b221964bccb2ccc93173b7926484622a4623d620592e40a338c19324ef299e42c4c96772c67c798f6854b2e23639165cd6bdaf7c696c6c490f921700b908cf20a18ca5cd4f08b324bf7b9841224dff0011ad295214a7b9ff0069763e3b0c84bfa92c2a53f6ae4c48aab836ed8ffb80671b47ca27208f18626491b1d22700a38676770df5263bf6ab44718cdeca558b11eba54ed1a0bb285340203774d9ca56c7b1b01f2060316416c7e397ea93fe598153d60ac146cad72be565a7e5248d274487306016eef6664a12947fa25720e3a3c41605b1e40c12241526126a6922431481892c611988b34cff00a959fcb8fe142f8b13e4abbe51ff005338c6394ff47b7262224577c1acf80e2b413e711390b3c3c514651c60766a3aedb900e302c92a4b24c123642fa3111c247c217a3f643eddc4fb4bc87cedec9f911151ef72a9bf6c570f513157180d11210d716b998b07160ae768b94d0374cf16844357b1844dadd3b58fac86ff008f0e3b163358d623842264c71b2387842a363f14635739ad72111462ef24e410119e0e6b5e8d1b068f005f8c63189e0f08898c0887e1141b8ac08c78e1b1cb8f005f8c1b189c6c57398c7a69a234436e2046d46b5ac4e366f7b18fc6c70b15c363f344c6b18c47086fc510d73b606ba2676c0556886dcedc3a30221e39ad72245022e98b182e546b5a9f68712186f6184402af2c86ff00901f56118cdc8ed83d835ce26a62b1ea9b0d9f9d33472e5746e00f9f44cd13c74f3e9ec74f0da9e7d3d8699a669e1a7b2d3ede64369f36398f2835c16cc7a884357f23766285b9b1e99a9531c4d12b62f3e27f533c419b0b1958d3a34646e851a0111387147a62b736eab16bd5ead6a2791ebb5b5568fb1564a3ba6f99caa890651e4331574c8f28529092a4326794e664718ded233c6ca73a0858e57b3c8696203fcd2ccb1c15d296644f68c9ee759f91e441b0071c81f8c8228835f3166c5fb17b11ed97587dc31142ad4fcbb736ae36211f808ac1799ff0fa63de1d86fb05bf623c37caa79b3c504497c54c0d9f340832bbc8c0b0e7915f61df052ecc4c2d813b5a79c58c32d8f1cf9d6a382a2bb36f45d727ce64010ada5292f659382aa71481ae9fdf84d61c3367db321adad896481f207162fa78f896022434ea11bc702dd2592d2690b2c362ae8edbb90e4113945324ac507a41bd841b16cd8ee9e93eb6bad96341afb46ce5997038c465eb98e6b91c842344c5be73dd0ee925c875f6844b42b61fa7cec5ee47c1e9f7956be4773770ac7bc34eb0ec9d3ac9d11d1ef1ce35acc2899432c9c32eddb1ca1bd6f2cc9c28413dc99e0a0fa67d9699a262b598c463936a7b027c3e97f7a3ff00d1d2b1ab3ba853f2dce8d972cf1fb583f40a1fa6567aec7a7537435853ebb20cc49f13a73e5e57fd146dab7deac4cb282c9c25976556fb97efa985f4de9a54ece769e9c8bb3d3dd45f297dbfb2606ed431e212256500dbe8e72237a8aebe70c361c4a2b2a86449292a398685130aab0caff4611a0ede8685adf45c6fcbd434db7beb7e2f47d3eff47dfb5eeaea42c7ec02f1bfa829513beb49bd88a60eddd08caefc395881ed03a7e22a4d3bcbc54534e9d21255a0ec079393fc1a1fa6426cf74c995f65272cd36ca99a76741f4cfb47fbb1fdcf60bfb251f09c5038ec6140eccf6103be6cf585c47854f1454e054ac4a430f20d5f62fafafec42ea795a43863860f423c667d7efb09d56398e154c847b7d493e1f76c4a6314878ac3c7835a486475295850d2f1499f54c98f25194ed3441c88fe8696dc1d68c30ebe2f651960eb63615ed9cd0417b233a9a53db1c0c8e1c6d431b656152d9e7901e68d02376514703658cca86c9236908f7b111a8778c62742a494b5630adac1afed0f3e032707d0d29ec04268e1251180b12a7b595229dee3fa09774eabee88fa4397082420a1549219a5d4f295948f7be6400cd07a164ab6044eca37da3fdd07b9ec74f0d334c3c60496b29ab98ed3d5a66899a669e1a6699a669e4d334f0d3c34cd334cd334cd334cd334f2699a6699a669e2f1b08d752d6b9431831dba78699a6699a6699a6699a6699a6699a669f6eff741eefb5d735cd7ecb5cdd9af935f69bbcbafb1dde3ae6bf6eff741eefb1de988f45cdd8a46a64f554854ce792b20447c56ef4d11e8b9ae23dabe3c8d4cd7391988e45cded5f157a262391715e899bf761c8f4bfea223c515beef235335c572265c15cd3e6b9bdb9aa2e2bd1311c8a9ae6f66bae2bda99b9322908b7ffb6211abe0b81b023ed3766f4ce46a66b9bd311ed5cdda623dab9ca5fc49ae23dab8f76995560f9a3d51311e8bf6aff741eefb07aed647e7bc93322929d6e0a57bcf44bc110cf3d0d1fd27a7dcae8d550cd6018237c0b7b194591653220608a19b9e295bc8c753c46b698e5202aa03ac4566f74009eba3823d4ca74b86ef536280b7648759d8926560ce71e95d6523fe8fa9be52c653a2c08d023c8053cd3f768d25c4f9d0120cbcbb9448d19945a8681ef4144012e8856169655c4c3f72ea16a06bec4ab020572d98bb57c2b58beaea2b790424b3d746047aa94e970e5c66cb082b58fb6b863c658f54d8e9e868acca521192624634d972e1baa4d76f77344ae8a32a7fd45842eedb3a286030f099602a180c3b269566d94e036bf211bb88df66ff00741eefb023778eb4be883da4f15832c47c720df0ab1aaea3a3980ecfa77e57a6fe51dff45611c60b42a74fb590dac646b1719b1617a1d63d06cd3a6be53a823eaf7274ea0eada148a44dccac9acabc8f651a610ae13ecdfd87a4ac08d8b777a564baf98515a56454a3706abd1e49310edaa9d65363cb99975149223a5f7e4a145202b258eb327486db9ed8458d3dd7b5fc55d04858512cdf5a2ef1d36d94e3857b6ec177cefc3c8cab68522e2c81c2bdb67b492e729122577a2dc3a5e1f49d27aa6f50fb93a4c2120b80569208913a86e4c855b24a76c58bf25472c1152602386d4ff87d890dac6c6fb37fba0f77d82e1003320e20038f00c8ed354185826a460b5c38e21208030a700f91c36bd1b0628dc9e1d8c457b4036608230a2a6a9d844472269e058c1360c020e16304f89100dc200654400d1838e30a3e0c5239a36b10b1c46448719be135f24617594f7a54c27c48e58c0360c020e2b75cec62a39fb9acf494f664504b993891846c51355120446b9134f024711716285734c74088e7363898e60063710232e10222a0a20018f008b8b1c4ac6c08ac46b51a9db015ef13088c85145f6aff00741eeff15a79f4cd3f8a7fba0f77fae3fdd07bbecb5fe235fb1d7ee5fee83ddf62ae46a24b31b37d8e366ab5dafb6d74c19c45534b08152ca22e35cd7278eb9ae6bec64ce146c15c0dce916620ac6b219dde3afb3d7c35ceea411d1ce871fdbbfdd07bbec672b9c831b44dc385a71c2239e0f03164be5c74929ec5724b4e558e03308a36911d140e6d76a9e32ce56390b2639a59cad23cb2e2b8e63a982738cfe55c98f5249cd55711ee62c672bc38773d8314a97dde48984e58c92f74b96e1ba3777aba4499048920aa6f121583464e8c4c7ccdca1593192189e21fdbbfdd07bbec6735da0cac2b70e66847086a30783e1956444215a7f62b907e2e2e40f8b8b8e735a814596799a924c861c2e795831c563cc4f2ae5981447f08c053906ddacc5c27d5557d5142e905172c598827c89e2e58b3649871c7002ed7c67a2e4a28a43631e3bb15ec6fdcbfdd07bbec8f0c48d14b7a8450d7778ba3cb61234578dfec5711cb0cfe9106481bde919924ae6376a64d8e73b5a1b162488a57bdd1259d66449121582b145f31c0c3b654424578c4f33a1446c61f89233dd37719663e1c819810cbcc7865e60c43731e14c21403b0693c88d44c34511b2304244af5d43f6eff00741eefb27351ed0471c74fb05cda9e089a7d8184c2a02288189e45c444d7da1a004cf18da267dbbfdd07bbfd71fee83ddfeb8ff741eeff005c7fba0f77fae3fdd8feeff5b79c63c5b385aa4f878d9407e6be75cf5fb0f5f90924237a799ee6b11aa8e4f23ded1b065615becd48c4779170a71071175fb1d5354fb1996a08b879d34d8f576a1d397ffd54d3072cf1dd16e584563daff2bbdd8522d2798c7b9aa501b9c2f2346d198666b6485efcb6b57c57242bf2a44b99514c8baa3976a558fd213a7ca6c7052593a400b32305452827cee43c8f2b44db838cf574dafa3492401c14b8e6c218614597191d306d246ab8ee8b0cb2800c1c909bc1b24247bcad1b5871bd8d9d11ce73d18defa2a31c7130639b18b9321c42ce57a311b3e23d777abbc8cac14901f2d2336542a392b2217b498e988b048f7c56777316218dcc3faa21c4abe2d235eb8f235989ec35d32cedd75d5758ee43ac9003823fc67e98f7e39518af90c4c816722390254333c5fee561a44790f3ceba30048113c6c7b4e43d21ea2bd228b3d4bd499d4db12443ddda4bf97e9a44ecade08640282080ec9a3a56ca424604fbc12c73dd4beed9322f694352ed9515d112dcb695ccac4bb27355c1a58e8dcd13278f8aceac753cd9353d1d6f7d294aeb755860325470c4310d454f5419b1ef6311a911946625b7d6edde593627e9e8a82a4925247a7ae1cfc103d1d76ef77a697d901f25cef095f2f5bf2b24ec8cc8217263c5cd6332104008ee5703c0c2f5f73f944357afb0b9b17b175cff00f78d099dbb9cc62ed7c936c738ef7e0805338600a28083e56ce2459ad5dde2ff0073a798a961740745951cbce139d0028b05f6b9472caadcbbae7bd5bd416436c38126ca4a7a908d47b689fc0694c7162534b9314a32ad6cf9125f326ce8ed9312823f34cb60a9e051ca33f3965d19cb2665d3efc5c7021fcb784cb73024d488a6b3cbc8e87834b1df265df437959e9a371a73ba9fa7115205acf3c171dcfb29966c725c5e45330c5bd9e76544274587d369a64a45fc433cfdbc5e9e071c2c34a70e44b90b1c7c9fa30a5ba537cf2be056ebda1252ba482c94c567d4ec7e4e27cbf8f1b377b09b252281ce71088dc6467bd1a888d2abc62fca8b37dee3e16736b817fa846e3199e7e4ab527078a31a98ad45cd113344cda899b1bae699c6ccd13c4d5402cad33637551b1d9b1b968b64b9510160c7d336a6398d76231a98ac47669e2ac6bb11889e1a62311334ce366ba62351b8ad45c41b1336375d3388699a62351b9b1bace8039c318da2666d4cd11734c44d3d8699b51336a66d4cda98ad45c44d3daf5148fce8ed320fc597214160b098f63218d239f4514bd31ff998c13dd8ac681c10015515a991640dc5fb4d334fe6eddfcb61c0fe383fb4d26e9009061296d2439a8edcd91f0f7682691eae6f2971466de00c8df00060631756f90b60e1d9f91d246c37b39d60e89235f5f975c6c9638de46582bacfc9ae0a48ccff00316c1c3b3f693a52c48b18cb223f91d244c3f927d83a11517cf357fcd57ff8d0d34c3fc54d53c18146412fac02d141dc8c6461c43132cb57f70c408cdbda1f731cba233a8b7b625e218d607646bd5bf337192c2f8eb7c47ba25c025a1e795f68c9c890fd3921f902c8539b32e5a033ba8f89b32d9b0f22d99242ade4a5c8164c9ad5bfd0912ed0c6bd7a0e5befded5916482851258e5862d8f752b0b75fac1b1314229e66da4cb458718a4e30c4b164887e9f2bd6be47737736ddb1ca0bc62967da3203dfd42e6ac9b051c7ae9c60cb996bdb961589a4135c6d8ff00b19370c8d3a7d824214d94d0dcfa7ded7b6589c075f3dee816429c993ec87053d3e4634967b2b8572e9059170519a15c8e4967d88a0b27db14d0db33b1a801b9810ecfba12de4a7642b364c19e799f6a39a9daadf15cb0a78a70a45de869b39d324a79ec99b27f2fe582993bf293c07f9eb5da76ec4dd1945a36289fc08347e1d9c31612af20934663fdce99d375f2377c86a3ba82c5bfe0eaefc355bc7d94adbe9f95a7a7fa8f5edc7b38d36fe20a770c733a9481736cfd679056c600097334752856dad2e9df5fecdf689fe44f637b1a9121e9c1216a328e370c4c3d49466ad9e690407fd17527cac9727669bbf0e5771f642ffa182c9ee9736bed24e5ab1524da313d1f4ff4da8fa84fad798d06c2524acb86f6d34805981117d22794c477505e353d18eddf866bf8fb36ff00d164bd83bdb8287b093ff375edff0001264f9d21ec92cba91b7d3f75f4d99ff3d055120539923c58e4b89a3a8e46da4bff00a0ea6dddac415cf6d5f0a546774eecedaefe693cf7e1d9334c87af2186c5376e3ce01b319eb6a3750b4a662218a98930e89dc95b8e9c7732010a598df027c3a886f999169f8cc4aedf63203ce0895ed8f09688c358550084b6155de3db01161fa1253320d70e0a4c0d4cc3d8c784d21eb7b97144d28d94b28590eabb2930e13e5cc8b4dc669b5ddd9e4079c10e2f610ecda19f66c4da8b84a93f240ad486b369d641cf01b261b690ea916b58087e8490158551d9ca9751cc56d23def975bdd165c7ee63c28bda462d23964cbae29890aa9407cb18493e3c580d8d0ebe99b02416bb7d8cf89dec58b01b1e12d1146b02b4507c2c7d1e5c9d12b6283b1591511c3c11c94c44332895b267d68a7b568ce6624162c26519d890ea59140da5941c8355d9c8b0aaef5ed828b13d0b207906bd909a6a5773fa09ee7a79ede22480f6c15c8c356109af32335c7291ae10f18363711a1c5645d1451f3b662e76ccca5829cfa69e0e4dcd81582af5f61a7849a38925f169e2445f1d322c01c42789c486143a98d09ff007936b234e5150c41134d3ee15bb925c2edca144616427eb0b14447e391462dcb8a44c4513b38599c5a6300e7e460b403f3eb9ae6bf65aa66b9af935f69ae6be6476be5d7ee082695a788e011e1d5ad7b98e33c9c28d72b7666cc51e70b738caec810963b3c9b91311ed766e4ce46a64f72b615339e4ac8311d1537b7447355354c47b5de3c8c4cd73919a239173918be2af46e239ab8af6b711c8ec390897fd42f20a2b7dddedcd715c8dcb83390fe1c8dd77262bdadc4723b35ce4666b8af6a66e4c8c422dfeb9bdbe0aba66f6e9b9172311fe9ee462e6b9c8ccd530560f7d9eb9c8cd75cdedfb578da443c6dad94bfaa2723dbc7eae2c51e2b57191ca55890501e57aed672cbbc33c3328f2dce6e53534f7363c87c9a3a4fa4d0bde48d00361651eb7b88365653ce4964012b1b14e9223991ce612a499532ca78b022cdb204e292b62be092332b25f7b11ea8d4464bbc257409309f6100f20d11c4ae9d23fe8fa97e526caece13203e6253d895e72f73712e4c23c29396f31d123b6967694652289192ef1edeea9645ad89c66f41cd6241b357c2157cab96b052a1d8c6ff00a2b7965e67d73a20eb65f7912c7e46be3ceb38d11f26b27959249772ab65568e659282bdb4b34c90e5c83a8eb8aeb49f20d0c1e80939167c948f0e0b66b42d560bed34c915a0919e8978d5231113b726768fc6c362623513cc46ef1d71bd0e6b39e2b1659338ce6f8558d5751d1cc0767d3cba45e9af9377fd1580180b327e1f6b61b58c8d62a66c585e8750506ddbd37f297f1f57afe1c41563429148dde3ad98cacc8b631a610ae13ecdfd87a4ec1e91ae6f08c955f30a2b4ab8c944a1ab4af7c98721b553aca6c7992f2ee2924c76df6aca0d480ad983abc9b2596d22d4268d3dd7d038eba090b0a2d9bab45ddba5dbba40e15f5b885df3bf0ef1d6344916c7e428ec22c38ca5f4ada45ffa1be5ff005730043538efa071560cd2ecdf2050afad91dbbd3b5db6bdce71673a9ca1ad715f07edddea40aabdbec4a0119071400c78064769aa0c2c135b182d70c02134601853859bdcc6bd190628d53173b189bda11b30411851511c89022239134c5c2c609b051c41c2c601f1b123b308011938468c18062c2408847346d6216388e890e335326be48c2eb3b07b6a61922472c601f051c414d33b0888e76e467a4e7b3220264c9a48e23628d8ad4810dae44d327b55d068a122c2180614400d0841b4ac6b11ad74088e72376e12304b88c446fa3e26ed888dec226fd3ee1feec6f77f924f2aff000aff00741eeff5c7fba0f77fae3fdd07bbec571f3bd7dd4cc14e1bdded971af6b95e610f3ba8eb89edcf2040c64f0b9c69420a86508cbf62498ede12b4e3fb77fba0f77d8ce572a0c6d1370e069c7088e203c3925c82433bcbec5724b4c45004ac7a898547448ea95dab7c64be43123ca7ba2ef9ea38e6e70ce9af1281eaf0f9a3234a7309856468a806d935104076f0e195ed18a4ca59592654c1a992439877cf034d254031a5839fe42118268e6c622be66e50ba4c648627887f6eff00741ee7b19cd5d045619b873342384370c1e12e4703618542cf62b907e262e40f8be0efdaabe5e515c4715cd8317f4522437b1f1fcce7a439698b933fc923136b71709f54cb6f82df77e6671d8e3589c648789eb4f19e9eb96604848c703b15cd6fd86e666e666e666e666e666e666e666e666e6e39c9b42a88ddcdcdcdcdcdcdcdcdcdcdcdcdcdcdcdcdcccdccc3450e9dc9451831d15db999b9b9b9b8564dee62ba6efdcdcdcdcdcdcdcdcdcdcdcdcdcdcdcdcdcdcdcdc0bb824f38f2623b4073948d56b5373715cdd2330818c36580701ca56c8880706330610ee6e6e6e6e6e6e6e6e6e6e661581336310827ca3b98c8a2685bb999b9b9b9b8f1aacee4324c9cc530dcba0a10f8452c3bdc839325dab3373737373737373713626180036478cc2360aaa0b737373737373737373737373737373737373737373737373737373736333633363336333633363336333633363336333633363336333633363336333633363336333633363336333633363336333633363336333633363336333633363336333633363336333633363336333633363336333633363336333633363336333633363336333633363336333633363336333633363338d99b199b199b199b199b199b199b199b199b199b199b199b199b199b199b199b199b199b199c6ccd8cce3666c666c666c666c666c666c666c666c666c666c666c666c67f5fffc4002e1100010400040308020301010000000000010002031104121321303150051014202240415132602361704290ffda0008010301013f01fd80b801656b17bfd3c874ec431cf8c80a061fc35482991b9bcdd7d38c43366037fd839f753be96e3a48ab28b8263c5d26bdad25472b01b4ec4c6422f0ee2dfbc8d9ea52020a6829cc7daf584cb253450ee3e7df843db34d266577352b1b5b22c5945ac83cb4ab814a952af7798fdab3ff00949a8cfbee26bcba82ebbcbda107b4a06f8a50478655f70f33636eab919dcdd96b39d486a7f27a96ac8c882d790b5333644cccd7bca32c828a85ef9093f0a577e42934121b95a9a646e63f484ae72d679a013a67b410a099ee76fc4ae1d7034c66cc8c0d24942168ca8440171fb5e1c52100080a08442dc7ed08004d665149d1824941a005a2ddff00b470e136168a46169b51c223ff001dbe3dabf7c7cb6af8e3bf7f735df4a870ebbebcd5fe477d487fa1edd37138b9639000db0bf9a400b4d28249355cc79be1613b2e17c0d73f99099d8d002eb5da38418697d3d071559d963e566680290c433c53b7439707b2b142487213b84f70635ce3b52c7e235e7346da3db570e589b281699870cf9b430b10933d6fc28a57c2fccc34a7ed1c44ed0d276e257ed363efa686972998e6859df6a391df286e3a500a3e6b13b9a50e183ca6615a13a06e4fed1146ba0d70194535c01a53814b0a800b601621beabe930ece2ad7305407292a398b8d2cd576b106c047bad5f7dabf2c8f3c9472b96b9be5b2188b2686c109cfc8d91c41f81b2f107e42f115f8847114dfed0c482392139e54b5a42d76dff0049b31e44233de60a395c39a762466d91c48da944fcede1724c782e348bd324dd0983494cc4e536bc6decb53377d2a54a952a5f3e47c799363a0532395d609d93610332d193617b210d073518b3526434e4f82eca102d2dc1fa460753a8ad179e6775e1dd7cd68bc6d68e1bd48e1b928d99470e360b4f89c4ecb49ede69d0128c4f098c75ee80a1d2428de3e5485a7e5103fc30f4f3d3cf4f3ee2363e47656b6d784c466034ca92292234f15ed4fb8ec8730623d4b237f2a5db2e8cbc65e68735200ec9413e2665a0774626068a76f4bfe0edec0fb3a55e46b8b0d8e699daf2084b3e53dee91c5ce377dd996abaa96aba9199ce147d81e9e7a792107b7a6b19994d1e55bda8cbd0bae5d28354408b53dda8200f369903427460b6804e6e535d0295702275a0fa729a885854d40ac5377be9316c4acdb95f95a80e42545339ce21596a9df980e91749925b8a7ba8a6bcad6cb69b882178b7722507170e931800a7419cecbc364f946008e1fe8a64243b7e95c9472d27bdae0bd3fae9e9e7d9dabe15f4207f49ffc4002e11000202010204040602030100000000000001021103122104133150103041512232406061702023718090a1ffda0008010201013f01fb837bd8d0a31dfaf6ec4d4269b32cb7d5cbb4c9493f4aeddade9d3e9f6e6e53fe36bdcbbed187e73325a458ac9617b1388f1c9a1609ddd8f1e995f685b3b2796d189aaea4e51f72e2cd3ec4957a8dfd1bfa67b92724b639924f71662395b353ed8e099cb88925ff0028f4bf0afe3a5f5f1a6cd2fce431796bc5ff002737a10b1a7b8e290f4ff5fc2698ca6cd11b1d592a7181a22ed13518d105bc7fc9374e573b1e8a4698a4688a1422da2708a5b7997f476e8e64a9235b7639ba89add8e77e1abff079361bb35d2a1bb353d8e651adb14da253d5fab2bb1d15f428f536fda95dc9fef072698fd04f7af2acbec525e17f1f955d8fa9a4a5f4f7fa552b25fd7d484a1385a5e1a76ed7871a8ab6717a76386ad2c9ce31279dfa0b34b589daed1895cccd2718ec4d4a6acc171d8e249364a391bea70d26ae2fb460f999c47c8915b216cce2174258b65b93c4f6499c3e3709bb178515e34578d78450e28e57e771e3692dc78ff3b8b15faee72ff272efab396f57e0e53b5b8f1fe4d11d4a9fa0f1fe4e5d532504ef71619248589ee4a3a5f9585d4ccdf2a2304e8962489c6c78933910bb25049ede165965965967a785f846546ab1ce2a9a439dd0e71eb5b9af74cd439591cb5b0e66bd98a6ad6c7322bd079635d0d71eb42cbb2399d46efcb9647463cb08c77259e0ce644f818f4d76b944f89314e5ec42527db6914bdbfd65b2cbfbba9fb76d8c5cba1913c6d18a7ae2fc1a2d5d5f695bba31c23056ce2e7175470d5a599326827926cd553b6c849496dda30ab99c43f836345a462f84e2495fb9285bde4708d26e37da307cccce9e9456c7468cf1ba278e1489e14dc68c389e39b1767c6f4c8ccd38a2114d2258d128d8e29fa1a636b625d7a769936c8710b1adc7c5a91ce1648929c6bb5ca1638c93d85cc229d7e9ea2bcaaec4d7915f60ff00ffc400491000010302030504070604040504010500010002031112042131132232415110617191051420234272813033405273b1506082a16280c1d12434435363157092a27435c2e1f0f1ffda0008010100063f02ff002fc53c0e5f664aff00986f9aff0098679aa0c433cd46d115d7263bf30afda4444775c53672db6bcbf903630e9ccaa0d79fd9c8c0788517fce57fa50c35d4de22b451bfd6ab6b81a5ab09f2a8f6b335bba152299ae40cb206d7aa0e7ced0d3a141f1bae69e6a924ed695eee769552516bb14c5eea66bbb2d9310d6958674328751c7450fd7f7fe3f6e8c3cd7bb86bdf45f71fd97dc7f644cadb4d7ec8f828ff0055dd985f950931188398e4a2d93ebcc2c2fcca2966c41a11900ac89c6ba34f8a32e3316d049d2e4c7e13141c3c536fd5ed2d2a988c6d1de2134e17117369506a993b4efc8d002f58c448edef351399212d7722a0fafeff00c7cb4854d632aa3ed0a8ff0055dd985f0517ca161fe4ff005584f1585f902b87c0faa0f324978d4555f24d2f984e3867123e127bd3e6c448e71bb44c6c35a16e8560ddf9430a6475cdb55866d73049507f57effc805a539ae7d472fb429b882f65a1f5ec85f1b98034734d69e4028a4639803453350b2373459d54313a956b6853a378a8289c262683c68ab8ac4ff7aaf54ceca513861b122d3df441c7121cfe7551e1a5a1a3034a27098814f1a15749890e93bce5451c2f22a2ba7f9b2d0f92d0f92e7e48b4ced0477afbf6f9a3499b92cf10c1f55ff34cf35ff34cf3576d9b6f555f58651576eda78aff0099679acb10c3f55f7cd576d9b4594a0f673f25a1f25a1f25a1f25a1f25a1f25a1f25a1f25a1f25a1f25a1f25a1f25a1f25a1f25a1f25a1f25a1f25a1f25a1f25a1f25a1f25a1f25a1f25a1f25a1f25a1f25a1f25a1f25a1f25a1f25a1f25a1f25a1f25a1f25a1f25a1f25a1f25a1f25a1f25a1f25a1f25a1f25a1f25a1f25a1f25a1f25a1f25a1f25a1f25a1f25a1f25a1f25a1f25a1f25a1f25a1f25a1f25a1f25a1f25a1f25a1f25a1f25a1f25a1f25a1f25a1f25a1f25a1f25a1f25a1f25a1f25a1f25a1f25a1f25a1f25a1f2f631229f157cd0140b12da0e1423cb779ae4b409ec2dce954001f1202de49d6373472a38ab0a631ada8016435407f28325e4f1d929eac4e15e8be1f259341f0088ff00094f1dea8345f12d5cb5720d2e75140d04ebec91047701f11d17bd8416f5620e69a8fb394c8fab4f0fd84705bc5cd30b0d2ae43d89d8e7d40ad07f1176ed4b730b38cf92369d5b4446ab8a887bcc903d02c9ad5c217ddafbb5a2d13a7235c9bec3e9cf2f350e158eb1b6dc68990895c5845482b1110e1d54d1472d32424db17b39d542f8dd4a9084d2e209cb853dc25d9c60d026d64be3ef584d93a97adbfac9246a1091d89b01d0052e1e475d6f358dabc9a1c93809ad683af351b1d297b5e9b046eb49d5cb68cc65f4d4232834726bce22dcb20a689d26f372b94519c4b8b88e2e8a1697dc6fd55feb5bd4d3927c7271351da63ade814b0bdd75ba394ed8df69abaa7ea9b26dcc8de755188f8a4e6af1e91dfe954f7bf899aada3f19b3e8d5eaf23efe8efe185e06e9415d45a765a1d9ad6abeebc96792c88ec6b1acceeccf726b4721ec48c1ad324ca4964ecc8a69dbfbdea8e7571d4a9cbcd0510898eb9ce3c9619bd08447f853e190dae0ee684119b89e8bd1cde94537828bc1623e558ff1527ea1583f14c74a3ddb852aae24513f6437543f2058bf9d40e71a0b75511072bd5db51a2c44c07c39291f88755d76854e19c3453dcea56efdd08d86ae71e4b085e37000d2ab70ff00e4b13eae35436993c6b528359c43f8616b86455470f251e59a209211a1cd36a3d8e1083195af72a56e7733ed6f333eba2b8333efcfb310d7b6adb55cc8f3403db5a7655ec5b9184c739b9b7445ae191418d14013a50dde2a42d671ea88636809aa63dcdcdba2b5eca855112d9b9bbbd10681904f2c6d2ed50da32a98cb375ba0576c951ada05718d5cc650d13cecb557363cd51cda855d9aa35b40aae8d6e4607f0e368cd36e14dd5443b725bd93551a3f95f7980add6dbe086f2d566b26ff009d8c2322928d76a13bd5abb5c90f5aaed2a7dbd83a5f77b4765ed3a490eea12c4774fb5291a8695883349750e5f60c1293bc83873cfecb110c925582ea0faff09898f6937ab685e508ec2d71d2a9d1d0bdc3a2b0b5cc77658eab9fd02a3a273509186ad2b6921c95362ea755827c75ca9fba333c543689b3301015f295f70fa755b48cf8a200738a00c2e19a0f6e851fd67f6ba490e417dc3939f1d77750a489ac7029987731c5d550ded71da6944145b46937f44d78e62ab67697952c658e655a68b17e215f29a05410b885eeea0f429923da482ea649b29cebf0a0c3139b5e69d8870ab453fba8366d22c5161dac7548fd906b8173fa054740f09b230ee9ec17b09aa8a46e8e682bd56d756ea57b25858c356f358e7b9d4003ff00744085c51d9d411c8a24e88b046e7d39a0c2c732ba1fe0984faa6ba466d1e73355049055b71f24c7cc368f70a9254660c8115f0a26e20f2841f3526271d886f170b9c8ece589a474729b0a5f737e1fa218404d8d3441861af7ac308ab6b883fdd4ff00d283fa5c55a5d48c2b761f5ae69e231c479a7cd31d4fc468a5303e30f6b491429ec71ad8e47f59fdac22a59cd323b197d33bb54f10b681ea696384075466a39648417d4e6b07e0537c160fc4a6c8dd6c007d57ace2aaeb8e49e5b1d8e6b792c57885eace96d89bde834c913ba92e5149849ae61d68540eeaf1fb264d887978e4daadb402da3854285b30b8119fd161363186dd5aa86564203e9aa7bb1ad263ae5d1518c8fe9914c89828d6f63dc356a0e27eeab5fa27e3ff00f37ee9d3d758ea1622777c6725888afb45cebbcd5bb1af7d56c584d955161e339bf54cdb477c84669efc3b2c7b734e8e435745fc0f05f54cf0584f12a0f902c2fcae4c68d760d4edab9c250740566e900f14e761a52e781422a9c64e173bf7550b0543a52be6a7fe94e68d487a7c736e9228aaa67b4825ad29c31121a0ce9553bc30dcd6120d5623e746bff79fdb6c96d0f54e7c5eeddaf729b0cf7dc19a153ff4a8fe62b06796698e06a28b0adaef026a1476fc21a546caef3350a7a90370ac57cc1491e2728de6b5556b9e478a6b5d338389eaa003f3ff00a287eaa5f982c3ff0057eeb03fd4a2f9422c9581c7fb84ec4e1e622de49ae90ef024763d9d410bd2585ae64d07faad9dbbce6dea1c37c5983e0a06533b6a7eab19fd7fbf60f11fb2c36229969e49b231d5a85239eef87258994e8f397f0380c6e6ee6b54d07905108c816bb9a89a750d014262734595d54313e84b581a51970536ccf456c98ca0f98a71add23b572078641a1560c66ef5aa864f58b9f5deb93e061171a26c321048ae8af66e4bd55a317bbf314f649297dfaadb60a7b4aff8ac5eef4aa95af703576544e9f0d358e26a9edc44b7bab9675ec1498b1c16cfd6eaceb54493748ed4a9217e8e0a9162e8caf224211b8ef0d0ab23c56e78a076f7cd5cc942178045b428bf053da0f7d153178bdce955387b9a6e229440f0c839ab22c5d5bf31426c64db470e5aa647196821d5cd322752a3a27c4c22a48d5470bc8a8e89a2b47b74298e97137443e1b8a7e230b8b21c792b27c48b3c53626683b5d331cd119352106f2a515f7b3677d69ddd93e21ce6daebbc73ecf5c0e6d95197346395b5051185c56e78d10f5cc555a3bea9b1b06e8ff291098a9bc79a8dc752d07db6ed640dae8abed4ae1ab5a4a9ccb4dd3cbec5c7b96204b6ee6944c7e1d973aff141f3b6d7d7a7e25c7b96204b6ee6944c922a54ba99a8e47ea7da91c39349531969ba797e10971a01cd169909f008c9b5a01a83aa13b0fbbcf3f04f2251bbaad8c44977822259457a2e270efa20f89e0845ce2001d552f27be8b0e6192b4768a391da36204a2f89d568344f79d1a2a9ce85d50dd510f977ba054b9c3e89d387d6302a4ac3ec5f5b7550c4d9778d1a051173dc001cd5b793e017ba941eeecb5f267dca66b65a3ad3aac5fcc3b6e9a40d5c6ef257c6f0e1dc9af95d404d131cf97885401aab1b250f7a7fcab19f441f31a349a2dac67753de2516b38aaa971f1a2ba2787045cf70007356de4f8043652827a76fbd90356aef25742faa6ed9d4aa617c95a8ad0264ace1768ad925cfa0568929e215469dbefa4a1e880bc8f10b68c91a59d5536b778056324cfbd3fc1633e8a1fd4ff4507822e7b80039ab6f27c02f752827a7658f92aee8d5335b2d0d8722b15f30fc2458661e34ddac77bcea8cf08b48e5c930773d4fb473806f20ae8a2a3baaf58c474eb922d0f60faac461dafac743450e098723afd5343e2b9dcc9513e1a8bce613ff00fc7537ea958afd372c47cca4c4620f17529cd6398d75323558bc2bf7a3584d8476dd5aa8a51051f91ad545830fb5995df55697c6e3d4b9365c1cc0b75a029b881c4f60feebd6b13575c72523dac2d735a4e4562be61d8f79d00aa9a599c766d45bb1a77a7415f767aa80f2da0fd947362097973465550cb05454f54c7bb5b5cb19f4517eaffa2f35387bc8634ef0ea9fb38ed706eb552c55ddd9dca2c207dadcaa835cf89c799b9366c14e35e46aa197f3341ec69989ddfa22c3b3afcc845877d627ac377d54534cdbdcf6839a7ec85393519f1b336f71d094fd9491b5e0654729a17bab669e1d934bf95aa4c5625c4b6be68b7656f7828c0cad0af7a457fc4e4c9b04f6d6ed1a55ef39e6b19f450fea7fa287c147830fb5bf120d2f89c799b9366c16206bc8d50c4b789ed14faaf59c4d5d7682aa47b63b486d722b15f30fc261e7f8744c731e34ea9f15e2f71c828bc1eb19f4ec7614496b46480399eaa48c1c9b728a577092d551a1cd61be6527ff008ffe8a6fd5ff004589fd372c4fcca56ba4a31b5472ce9aac50e8d582fea517ca100f346c94cd7fcc7ff55bd8bb7e8991835d9d14407c3929fe42b17f30ec99bfe1589849a3bb0363cc8a0f25861fe21fb2c2fe98507cea3cb93d633e8a3fd5ff0045e6b1bfd2a5f94a93f44fee9ad79b44941540facfff005557e2a9f451440d6d00767aa30d06486d8dce214513740e0b0bf5584fd309ddce05365f58ccea28bfe63ffaa95d1cd7dd976625bdca48ebbc1fa764f28e4d4fc44f2122a84b16557517ff00258cfa287f5143e09ad79b5b2505502313ff00d555d8aa7d1471b4d4476a840d5b9153fc8562be61f8474520c8af738aa37a27c924b7cb5a3542299d1cb1265652ed3b3d6f0877b5a2b0d231cca32cbbcda1dfea850db23742b64c6d472e684929bdf5e0af24c8a41ff4c35c13ce13798516e21f6329a053365652e727e23026b5563e91b799588dab722280f54cd9f1b0e43aa804a3dc839e634591b646f095635b70f34d762e5b5b5d16c0e6db689cec1bae61444cfb1b4d1621b2b2953976fac609d47f45b335ef29d2caeba53fd93190b2e3755411bc51cd680a26c2cb887554704ada38554aec19a872c3c765d30755d9ad8c8cdfcf2589db474bb44f039852492c546d96aa836c8342b66d17379734d38c96d66a9ac074ecdbc4ef79d16c833bae2a09e5dfceae7283631dd6ac3b1e285ac00a746fd0a77a9beac256cc8b473e488321739daf650a33601ddf45b33bbdfa27e1b1335e5dcd3db8717b0a2e9cf8468452b686aa57610e45471c86930cfeaa16ff00d2b8573e4850d256e856cda2e6f2e69a71925ac5b0766ca5334e3833730a2d95d630ac409994a9cbf08df547d082ad386ba9ced4d389dc8c2631ba3453dad7fc8fcd2b756b494f7cb4a87532fb09a56ead0b6b252b7532fe47b4ca09ee464128a041ec350555ef03c55b7fd7920e63ae1ddd9592403b951b253c7b2a4e4acda26bcc828562a9ff0068a9ff0053b37a407c17bb9057a7b147c9577e50b11b395b52dd17f5945cf7502b6f5746f0ef0ecf792b47d55a1f4f1550725473f3ee5b920fe3ac82334749a9ee4d7e21cf2f22b914e9a194dbcda542e3cae3fdd4bef29130aa55d7754d89cfac4efd9073789da238ac548ea3b445d877383c68a4c34a77e3e6a2c142695d7ea86d5ce2ee74513049731da554ff00a07f653fea264111a3e457e2a4b9c7bd37138494eba55432f3233ecdce37e410c4629ce37e6055493c32385392feb29d876388899afd152afaf551be379744eeabd647c4dddfaa76271129009c96e3ded77552323712e6b754ef597fbeae84a8e685c453bff8ee1a6a6e84c73241a27c5b4179232568e6d7feeb1513b2765d9868599b9610f266aa16839b754e7139019ac54ade0cff00ba86770dcab4a0f6480b561db1bc38b3553fe89fd94dfa8b0a4f096d2a9af18e3423a2abb1c69de13226bef1d7b30cee41e5619cdfc802c57cabfacac446fc89b87f7ec823077aab0e39b032aa168d5b5a8ec20e88be2718ca8a27c9746e23f8eba2905415eeb17974a27cb24c5f2568141fd5fba74f847daee8b6743fd97ace28dd222c91b50539d817ee9e4ac9496b39e8b66353a95b390781546e2f7561a263ae79e22b647e28e89cdc366c27aa0c9327d323d17b937b7fb20312eb234c881ad39f63e27e851187de627ede4b47e4eab67332d75e4af58c39b65fdd5943fd90c4e39d577e546370dd2289cec13f74f45b376e8e6725b0db7bdb78d5806d1a39a6cf8ddd0de5fc75a708da9ae6a9260b7931bb12c8aaa38c7c23ec2276162b9bf12a1c16fa6e2b14cb58d3cff94b4fb3d3ff006c2ab291be7db9ba8b5542f00f6e6e0171b7b32703d94b857dba5d9f4eca091b5f1edcd541afb76ed1b5f1eca123daa95c63cd718f61d1b4ef0fb1177344b41cbafb25eed02bc1dd5c63cfb1b17c47f17161abba7545f1d416a0f19be8bdf3686ab6ae94b8dc98fe6231442496a5eecd4d038f09cbb2061d0846d71054f139d5b34464f82ea15b4aebc2a17c9f11cbda7b43ad279a81b7975454a8c5f48fe20ae8f278d1465dada3b19876fc7aa970cef109ae7684d325a38a2f69c957326b4a20eea8362e673f04e70a8701af7a6ef51e46ab0b590b9ce767ed163934b6baa6c99d4669c1bc96c7e24d8b9b94a1aca3dbaa8e5dea00b43be0d14709baa4ade2adcc1ef4dbb9a11b41f1554d7d0d1a138b6a29d55007155694f61ad42b8023c539d236ad4f731b409ae35a909b107d58e51b9c720d54a3bc55c4e4b2692aad29f5d5a68adcc2b9c552869d5023f04c918ea48d5efa66f804d2fcb9945ccd137e64df94284f72c53b969d9059c54542f6809f9d5c752b12c7685ea92fddc7c2b0a3bbb5a1929621db87f9516f54e959266dea98f3aa253e690139e4a299808a7128bbde836c1458b6b78689eea67776ecdbf72dd4f5541a0581f9bb6d64961ea9ad26a40d7b63f9d0f04ee8eaa6e279993fb295fc9b90588faa83c14bf294cfaa96d65c472285600083d561abaa141d90fca9d44db46a151ba10a5a8f86bd927d17ff00dea9bb3b6da2daccfabd46d70ca89d90c9617a1a2000e4a8cd08cd62896e61d9289c06750b0edd7b959eacda78a0d78cff0004362ca9aa12621df456d32546aa31b5354d8dff0096853a2634167228dd9b8ebd90481bbad19f61535eda55d97641206ee8d7db8a40ddd0332a39223bcd563d81ad4d6740a4118ab884c6bc669ec68cd401e28f0ea2b0460f7a90bcd5ef52078a6f93d85b10a92ad642289db76d0d5618b5b50d26bedb0307c4878269636a6ab674deb53af1424a99ee6ee92993442a4045b20a3c84d8ec165755b7875e613416d8d50d8dbad43b237b59ba1a9cc3cd6cdadb8754f964e22a5929b85baf63dad199463b77fa28dae1981d91c96ee809ed60cca64472202b7660809d2cbc6e5892e6d038e4a3b07309b6f1374566c878a6b5cea9fe1cd6dd4a3abfe5738570ae15c2b8570ae15c2b8570ae15c2b8570ae15c2b8570ae15c2b8570ae15c2b8570ae15c2b8570ae15c2b8570ae15c2b8570ae15c2b8570ae15c2b8570ae15c2b8570ae15c2b8570ae15c2b8570ae15c2b8570ae15c2b8570ae15c2b8570ae15c2b8570ae15c2b8570ae15c2b8570ae15c2b8570ae15a7f9218c323be47e8135b8ac2da0f30b69f0d2a9ce8307588735b40db5c351d9eaf8582f70e229d04f159285850195da3a89f2bb904e95f1863797648c6c55b4a025869de811db243652de7f631c5656ef68cafd028a06c146bb9f6195de4b6bea7ee7aa871387876979e15ff00e9f453bdd1868627ecf05780ea64af962b0d74eca9cc9d02bb61bab2c8fb5eaf6fb051ff0087d15441926b9eda13f611c16f10d7f18dc51aed1ba2660a3174a7fb23056876545eaef8c9732b98d0a9a6cbdebeb68e5d934ade27f1129d3c7f771b6daf52bd1c6bff005139b75b8584e9cca0d68a01d98a323a99a11c7bcf27926ddc5c82da6d1bf2aac746c80d3353063c6d33aac2873f75d93bc535b19d055caf69cdd4a2846b33c2da191a69a85b5e54cd17c6e6b19c9490494da0191516d1e2fcad4f7c8417d724c7b6769af242baf6daf6821609ac141b3e5d98273bee83f7d7de32cd9e8a71f087e4842cfbc98da3c148299da4954f5595f5712480af88fd3b2573f311e8a9451cd1e5539ac2b5a7279cd48f6ea13667eb45b46bc35bc94903f2980dd3d552f6edbaa065de916d768df95569bc323d937ca547f55067eedd9263633a0ab945b23bcf39288714ae5b43234f56adbd392bd8e0c6f2524125368dd0a8839eddad374a7ba420bd35ed9da6bc967afe272fbc764d0b6d362a333bf3249d14cec3beecb56a8c5cc040dfbb558d7c7f725d927442405e350860a29034bb8dfd13218f10cf3d4af467ea2f5ec20fd4604258cf88ecc55edae681a7bb7ff651b86603b3a2bbd69da7e64e30b9c4579a9cbdd4ad7541e3e13558a908d5b68585c39f84e7f4503cd6cd0d15c716ea7cc9e222483d56f4ee6b86a2e5eee5739e02c393c396689738166850970f3f3e1aa613d3d8c17e97fba63647869768889edb3bd3861982499d9340cd00fe37ef1524dff4b0f937c5492b9a5c0720b681ec6379b563a560a44e76ef63dce1eedeae8276823350b5f4039ac1bcf0b5d9a7b6f15768981bd1337c02050d56d19c0c14aab9c68146f6e6d0ece8aff5a77ff24f30bc915cebd937ca547f5570d586ab15291ab6d0b0ec23ee9aa079e0d0abbd69d4f993b63716eb9ace7735dcc5c8ece5739e02c3b9c682dd512f70b345b5c34fcf86a984ea47e243a68ee2345f71fdca1146da33a2b8c283236868ee4f9dadf78ed4a749243573b5cca05b07f7516d195d9f0aa724e7c2cb4bb5ec73da378eaad91b50ac0377a2aecd51a28155eccd6ce9bb4a515b18a04646b77951c2a15766a834573999aa31b45bedaa31866e1e4ae0cf659882df78d191586368f76ebae4639455aab1c22bd4a20f345b136809a9542ae30041ac6d1a397651e2a17dda61b06eab5e2a11f77aa0c1c202b8c6ad60a05591952b66d6eef455d9a01a283b0b4e8558c1922d3a156b050273d8da176aad70a855b152992a98d5236d17bc6d518ecdde8ae11ff934e02b80ae02b80ae02b80ae02b80ae02b80ae02b80ae02b80ae02b80ae02b80ae02b80ae02b80ae02b80ae02b80ae02b80ae02b80ae02b80ae02b80ae02b80ae02b80ae02b80ae02b80ae02b80ae02b80ae02b80ae02b80ae02b80ae02b80ae02b80ae02b80ae02b80ae02b80ae02b80ae02b80ae02b80ae02b80ae02b80ae02b80ae02b80ae02b80ae02b80ae02b80ae02b80ae02b80ae02b36ff922d7b35edd56becdce3409ae2f169d0ff288104fb3650dca6b9e5c44bcd3e577d3c5618ccf77bd05d6f63b0f8626910ba47850971a921cb1ce924c84bccad9c2e7330cc3bce1cd068d0214246f28fc13b6dc0a0b386e145738d000ae61c95a645563c156ba4cd5d1baa3f92dde054ffaa9b1d7fe1e0e2583a1cb67feea8d77bc7f0ac4b9cef7d2c64b9402bc9cb1062a9609b79a13041414e21dfd83e650f8297e8b09e2d4c82b46019f7a708f2e4135ae8aa799a270656c355289a2ab5eee2558694fe4b729848c2dac9cd39e4c9571aeaa288324d8533777a884976e0a0cd4ae8f6a5c0642ab6ae0f1239b420ac56d2322b2655431783692d3f79184d7d85b5e4724d0d6926ee49acf5379a292b110ecb2586018490426c91e52b4649cc7c658fef418fc21711cc2719230d65324f649842472a291ce6db71c9bfe70f53e6b53e6b53e6b53e6b53e6b53e6b53e6b53e6b53e6b53e6b53e6b53e6b53e6b53e6b53e6b53e6b53e6b53e6b53e6b53e6b53e6b53e6b53e6b53e6b53e6b53e6b53e6b53e6b53e6b53e6b53e6b53e6b53e6b53e6b53e6b53e6b53e6b53e6b53e6b53e6b53e6b53e6b53e6b53e6b53e6b53e6b53e6b53e6b53e6b53e6b53e6b53e6b53e6b53e6b53e6b53e6b53e6b53e6b53e6b53e6b53e6b53e6b53e6b53e6b53e6b53e6b53e6b53e6b53e6b53e6b53e6b53e6b53e6b53e6b53e6b53e6b53e6b53e6b53e6b53e6b53e6b53e6b53e6b53e6b53e6b53e6b53e7fe4a0b9c6802ac3186b3ab97fccb556e649dcada5b20d5a7f079ab3fba2f5f76a8e6d1547e0e9ab9671b688bffb2dd60a2a68ee9f86ad2a4e8b6d7b7ad89b201af2fc1e1e0f8788acbb61c4b7235a14d7751f82b1a37118eb984e6cc17004086d334cf0fc1c95f61b443f044939056deb8ae7740838b0300e1056cbd58dd4a5dc9319cf9fe0e09cf0d2d3ec43876f1175535bd07e0dddbf551f87e0eea64ef62bc9bf838ff257791e1a532434daf3fc3163959b3dab795148d31da5bc95389fc9a11c44dc67974fc23fb0968cd163c51d550c51b6bd7f0669a8d110469d800e6b3e23afe0cb5da1552f247457c4eb5e15b888abd1c16d6d6dbada9b20e7f85c408c503ce6e55e27f371fc2df19a397df7f74edabeaaade259e6efc25c3272b767f5573b37fe1c5bc4dd16cbd59db4a5135875e7fe4939f92e7e4b9f92e7e4b9f92e7e4b9f92e7e4b9f92e7e4b9f92e7e4b9f92e7e4b9f92e7e4b9f92e7e4b9f92e7e4b9f92e7e4b9f92e7e4b9f92e7e4b9f92e7e4b9f92e7e4b9f92e7e4b9f92e7e4b9f92e7e4b9f92e7e4b9f92e7e4b9f92e7e4b9f92e7e4b9f92e7e4b9f92e7e4b9f92e7e4b9f92e7e4b9f92e7e4b9f92e7e4b9f92e7e4b9f92e7e4b9f92e7e4b9f92e7e4b9f92e7e4b9f92e7e4b9f92e7e4b9f92e7e4b9f92e7e4b9f92e7e4b9f92e7e4b9f92e7e4b9f92e7e4b9f92e7e4b9f92e7e4b9f92e7e4b9f92e7e4b9f92e7e4b9f92e7e5ffb8daad7f968b9cf0077a3b16d47e659cc5bdc132b213e2b53e6aa25215260085563c1eef69c69a04e030ed3429ad9e2b2a75408d0fb37bcf80556c0db500486bfa76cd495c218bf2a924a7084e92db68ea7b32c913ed702335048f755c467ecca18fb5d4c8a8cc8e2e754e67ed21d893b0caef69d245239af66f64a2909a9a67f6b6d2ae4d791aa2c823bc84e0e6daf6f252c776e8032fc0e66aee415647e5f9792022a506b55b5ca9d1315577acc515cc7da508b1045793bd977829649cd1969efe6a18f0dbd25750d5035fa860aa7063ed7119396262c7bb7e3d3bd3f1133a91bb819d830ee3eeda74f0418226d29d1452c195732a17fe6682a6774612a790eaf911307dd587688188ffc35fbea41096b63077545063087b5fcd4157ffc3bd3362ff78f3ba9efc43eae7107fbac393a06952330228c61e24c38cdf8c9d541361df4b9ca095dbb0d4547508b5c374a0c6b68d1c93f0b8791b1dbccaa625ec7474d4767abccfac4fe05489def4e8b0f7efe265d3b97ac39ed2dd4b53f12cdd786e7e2a90f2d5eb090308123c66e2984ccc7b0eab09031f463ada8faa661f0edacef5b5751c3a295fa48c198524708b883c5d10c2630d495234e85a42c547f95ff0064f0c352dd7b667db9dbaa8feaafb337f452e23215cad53ecd973a8b6af70b7984d7751db5d5855d5c951bc239fd89e6fe413a47baa4a089636f08ff00c3e5a665455eaa8b5f25badcd5649287a6a56f1af8a6e15eede3a7b0ef052c72b2a2d714c7d9585ffd9070392249c829e6c3c7b910d7aa6d375ccc9cdec6e39addc3aa0e32d0f4a260858766d34aa8d9f94514cdead214f09d5b268b15fa4e4e85cfa4864a80b10dc5630c2d6e82b45836c389336f0a9ad53a837d9bcd586649c31373fa295ac190b7f74dc2b5fef2c764b110620d8ebb52a3c3c0ebdc5dc960233a82dfd9617f4dbdae0e9f6538f8b45eae263245522bd91e299c711519a6e37fd16165cf66323dcaff00fd464a5386b9ac57abb9c58e6b8ef277ea14c8b16e009e13d1471e1319b563b96abd1c48d447fbac3e29c3dd7544892ebb92c74c5b46c837563be650f8052bff002b4ac44a7fea3fb034b85c740aaf7502bab92f76e07d9363295d7b67f90a8fea9cd75050fc4ab070fc5453fcaa5fa287e51db4a2a5db9d1500cbec1efe813e4775cbb32410aa1dd9a6f7a05cd4fb2975aa5371da398a091fc68b5e4b246e8e4d71398c8fb064863a3a9441b332ea68831837477a313f43aab2265a13a58e3b5c75cfb0b5ec04742abb0feead8a30d1daec461c80c7f104724266c147857c90ef750a3220e0d0ab0b6ae7372524e46f4a516b8541464862b5c72aaacb0827aaba2873ea836665c01c935ad190c876dd243bc79af73101dfd8e8de2a1c288ec62a22c7b6ad3c8abb60b6360d9d2945644da36a86da3af457320cfbd3277c7591ba1f05648cb82aec1581a0374a29362cb6fd5371063f7839ad8c240b8ef1ee51c4dd1a3b19239bbcdd15af150aca654a222314afd839a464506b0502b9f1e6a8c6513a5b778f3458fcc141a341f6ad886b21554d69764a4c31fbb750b5c7915bcdcbaa21c28f19b54525d5bb9742147e0bfa1a54aee4724daf0da0200b9b687542b9cca941a0507e1439f135c4750a807f1b78e4c0076557804d6cd1dc0730b71849ef4eafe6a8501ee4cafe40a83fb260a1a56a834372a649ad3b9955485cf25d77d3e887f286249ffb853c539a70e8a43dfda653a939284f8a67ca85cee5a2bf92cd9dd5281b4502040a043b0a788edc9033b1a589ae1cfd99db5cadd3b627094b6df6f0ed006f9f64b8e815cc218ce55557d246733a141cd397d914eac85d53cfec1f0d0500aac2d0fc5ec153d5d5d3f178afd428b6b9eab127baa9a7f367db56f2a28ebf98a16eb445e72f15203ba3914c707dddc85e779cac3cb44dec2a52eae7d108616126be4a185877c8a555463f7ba554e49de6b4a6bbd66839218798d475588f95163dc4b24d2aa3c3c67376b45816879d73ef51b2276ad5b4f5927aa139d6884a7125a4e6029db2bea476455989b9d9772797c85fe2b6a67d98e4026c133ee0ed0f646ce4f78053a10eb59181a29632f2e606feea66f26bb25886365a0b932f92f63b9ac3d8fa55492cb31765a2da6d8b072a26b2475cc3cd3191be956a6c9b62ecf457bb104574014ac79a962c412f35cd34edad6a30bdf5145b163ec0352839b3ed07450bd8ea55c1190cf43d02a5f6babaa7c6263701c4b0801deeab69eb04b8724fe4f08dd8ddee954f6bf32d5208e4b4734cba4bd8eea9b0c6ea13a945edc6548e555b5e7feaaf762ed279230c8731cff0b27f8a87b27f9538dd4d325c6d59bc274439b57839069ae87456bab456667c5573f04374d54433ccd10ec2a6a8ae484adfbb7f12826b6e673f055fed9ac498e32d143aa6b1eea1099206fbb6f352b9f902d4d95bab3309d897fd160be6587f953d35add508df0baf0b10e2284f6611ff00087669fb1355b29b71cd513a31b8ce7d99710cc2b9d218a4d0f241b1e20873ba6754435626f3c4e514716601ccac1fcca468e616ce5dd2d4c646ddd078941f2afea099e01633c5627eaa3faa67ca9c666ee3b9a16b0bcf40a1b5b68b8648fca8fcc548f93205ab08f198ad51b4d5dd14efa6f395653bfceab116e95525fce99a8a38f315cca648f6d63d0aebe6bddb0b79d10da0a3b9ea898e1229f17e15928d5baad427d7f22257ff00c2087784e692355c417de2d7b35283cd691fb04b2303c151ec0477aa5a29d15762cf252868f8545b48857bc2a35a005bd1b4f8a304509de1c5c82633a6a9a5cc048d107d82e1cd51cda84ed8b0540c82a1c11bbaa925978dfd9473410a8c6068ee5bd1b49546b40f0edde603f45bac03b315b48f2bb2aadd600812d048d3b2ae8c15bad0107da2eeaa8e6823bfb0d18057545a18003c951ada057da2eeaa8e00add8da3e8a8e683e2a8a8d681e0b7d80f884ddc1968abb26d7c3b2bb26d7c11a300aea88d9369e0b75802a1150abb26f97654c6df2540283f0af67508b0bb4ee42ea69446bd81d4cc227bbb320b27ad5662aaeb4d167c4eccff2917378c2cd31dd550d55f61286592d168b75fe79ad1a554b0fd16d1cd21b5cabfca9768e432d16ef315544076e8a94aa0f945074400f61c7a053d596d944f80e1e9101c7ed9a2799a0d9907b3545d0bee00d0a8a16e1c98c8cdfed1924751a354d7b5d5074f61b206dd5786a63ba8f66263df42f346fb734a33b5b5a28e72285d5cbed64c1db935b5afb2e7b8e4d1528491baad3ec4af1f0b6a993114afe08b7aa063dea05bf1b8207b345a51753ed49e0b1ff00d2a5c1ecf368adca78f60e3231f6868e69b14f8674571c8957c9f41d55d2e0246c7f993f17b2e1aeef8264f6d2ee4b170ece9b1e7d54b2d96861a2718302e7c6dd5ca39860de6fc8b7984f63708e7dd26a3928309b3ce46d6a9acb4be53a3026b66c0c8dbb9f607b85c49a0684c6cbe8e7b438e454b07abbad206ff24c8ce15cd0c8ab77229f2596d1d6a830c63fbce6844186494fc21323970ae89db40734d92434686abc7a3a4d8fe64fc547bc1ad269e099b1c3b9f21f842742f84c728e45612b8573765265fe2524d2c0e8833aada33d1ef745f98263edb6a2b429f2ecee0d5eb96e56d689d3065b6920858e788cb5ad0e0a0822c3be570ad69e29ec319648cd5a56c9911964e61a9a313837c4d2788a041c8a2f79a34277abe0df235ba90b61b02c36d4d54f1370ae748c75001cd7ac3f08ebaea58ab2fa39ec8ff32dbddb94ad51d8609ef68e6a696c2dac5a158a8eca6c5d42b0edd9ddb5751318dc2be42e1951322c4619d117e84a9e1185739ae88eff0025061bd59d667ef392d845099a4e81087130185e7aadabfe83aa96fc04818f6100a83c4feff85e10aa1bf62ff058ef10b183ff001ffb2f4ae59893fd560cf3da85e8d7cbf720e6a53b5652dcb3588f07ac3ff57eebd2eb120e86429f260e50e8b5b0a32db69cc3877ac4feaac0fe9ffbac56d75a6e5567d8d6975ae06ad3dea26e2ed96271a077353bc7303f7507e88530ff00ca57a3b3e4562f69c56ee267ea0583e9704db6683676e4bd221ef63ae6b8eea89f4ccd5329ff00697a27f553a37f0b82ba27b6581bf09e8a299a2970d148cfcc0a6fa3be2f59b69fe15e928064d7c60b027b79ec893f5501a666b5f358d03fedaf48dff7b7953ed3a65e2b0f7eb6a92c5106b9a08e24e319046cf92f4b774bfea9a43039ef751b5533a6962b0b736d1474d282be6a3d9534cd6229ff00697a5bf517a3fba50a3c26198dda115b9cb0a7132b1def32a0cd628ffe13fb287eab1deaf2461f79baed537d626805343a2f44b65fbb1a9e4a7e961a287c4feff8528f8fd895b48314e66f55c29aa9719b4e36d2da2c5cbb4bb6ceae9a2846d2cb1d5d2a9b1e2c8b5da553dfeb06434dd65d54239052faff00745b0e3dec849e1a29dc262eda0a66a58b6b75e49d288b19e92788cf22108984ff00fea2e831ae632eb8b68a0c5ed7eed94a5354250f31cc34704d74de9091f6e8065d8d026746e1a16a61c5e35d2b586a0513a039348fd91ae2dd2476d03289eec3635d135da8a2867f5973dccfcc9b2b2531ca3e20bdfe3def35cb25b19731456b3d26f1174536198e3bed3571ef4c82fba89b8cda68ca5b44cdf2d730d5a53e19712f7ddf12d9bbd22e30fe5a28e2668d14ec763369df6d1432996db7bb54f82b405b6a8f0f75d6d735363369c6296d16da295d0cbcc84d38ac6ba56b73b5000640273a5a59cd195b89b3f306ba8a47e19bee58ca5dd4ac5cbb4aed9d5a5158e71041ab4a31cde917b9bc826e11e6f6d2857fc363dcc69e4bd636e5e4b686a9d3e1b146273f894521c5b9d235d524a64f1cc6299a2972619bd20e7b83abdc9d19393851073716e318aee517ac413ba194eb44d762b1924b43a68b64fa8a687a2d9c9e91798fa51320bab4ae7f8528f8fdb06cb1870ef570c38aaa7f052d78a83c957d5c2b626068eefe0c7c11f1fe5d3e08f8fd9e46bd9aac490687665425cea937669d7624cb55c95467d99107b751d95a8555c43b73c964b35910b08cbcda59a284b1c45640324df05991d9995e8db1e68e973a76d2e15eccf2597652e15eccdc0219858a8ef3688f4eca5c3b67c210db18dad7b78879f66ab223b3220ad9ed0d9d3fa7b3223b2573da010fb453b3235fc29f047c7ec5cee814b7cce6431f20a3c461e67965dbcd2bd14e8de5ae93a2924762e474c055628bcd4b58f0a1f07ac5126bbc53f69897889af3ba8e144ae7b1ccae6bd4db3eca3d09431185c69bdbcaead54321e613d95b6a3547698f76d3adcb1713df76cc901ddca532625e18243ba16170504845ff0011e48c90e3cedda2bc5aa648ee2d0a27a29a69a77b636ba8d6b53dcd9dee61f85c8cb362dcd65386b4586661f10648a5d45560bf4ffdd61ff5427cadd43401f5426c463ced5f9f1528a5c24925ed6f095886ba5736188d2839af4786cae735d2e87b06cf27c8eb6a9af389936c456b558b3238bad79ad54d3cf33c461f40d6ac398e573a190d0b5ca0c240fb6fd48ef5737132eda9ad5629d2f1c150bd6b15349be7200d160a2dbbdcc3980792c6fe97fb28704d9764d70ab9c8c90e39db660af16aa291fc5cd6c9ce2def0b138632be8c6d6eae6bd170c7296d4db7294fac3dcf7b685c57bfc7baef9a8b178432ed18ce12b1f0fad3991b64cc75585962c43cdcfa50ac131ef73207719099361b10f2d1caeaafafff00b532b8831869ce8993e17184b9ae156dd5aa8a574af6ee57229d3991e0b25d01470666d942ce2cf54c9b058c27f336eaa8a5fcc3f087c11f1fb17b7a8a29a1c502d63ce4e4cc26177cbdc2a7a2f41b39b5cd0a4f94ac5b40a937a6616ef7ad0ec962be62a6fd5299fa49d262222e81f9d42ab1a6477e504d54419196369934a94c3c4afc53ab3fc55d6abd23670dd929ff0058ac2e20b2e8d9c615f4a9fcb5354dd8c26369f84a737a852e1317b94755a7927c70bae2d15aa91be9179d981b9d160060c65766b09889728c33550c90ef344809530c31b8b6848f04ddb8b24028e0494f387c2bdb41c67458c8b11bac91d56b97a3b62ea864b99ec63a2157c6eba8ac384976d4a52992c702285cf355361317b9479a1e4b0d87c36f35aeab9dc961f18c6173001753b95e1f5753879ac7b9e2d76274430d89c3c956685a16064d8b98de5558996736b1eca02b0f8a9632f81cdd42bc6f1fcb5354cd9426369e47b3112cfbac7b325e887b4e46407fba9cc5c76e49eec63eb2d7e32b1bb1fbbb725e96fd4ff5583fd40a38b16da878e992c30f47ca4b1df78068b6f2e4cebf4a2c13af77aabf88854c2e72659850fe90fd94d8699f6c865c8291f8c8cec25d1dd136c88caee8d254418c2c6d384f2fc21f047c7eca92303bc57bb89adf04c7398d25a7224765ac6068e815c2268775a22191b5b5d6815236068ee5b4b05fd551cd0477ab990301f0edbfd5d9775a275b1b4575443181b535c9508aabbd5d95f0edf79135de2bddc6d6f82f7b135fe29b48582dd2815248daef15b30c6d9d28888e36b7c02b9d0309f0546b401d17bd8daef140081829ddd84e1e2bdfd11637d16e1269723b43ef2437397bc89aef1548e30df0598c95feaecaf82758dcc0c82b66f45971ea13717888b64d60dd6a064898ef10ad2d05bd15c30ecaf876fbc89aef10984c4ddde1cb4ecb8e1d95f05736368344f7318d05daa1b4635d439555248daef15eea16b7c02df8daef15b3318b3a22061e300f72006402bf64dbbad151ec0477adc8183e9f853e08f8ff002e9f047c7f974f823e3fcba7c11f1fb224947d5e0b87e62bee58832784b2bcf97e01ed6baa5baa0247517de7f65506bf6f43aaa3d85bdea805c55b4b4fe09fb18816b4d2a55d4a1d08effc41f047c7eca2847fd4750f820d68cbb1cd77d10bb56e47b5d0c0e028de68edded3d29f64d8d9bad3ab94cf85d5731d4a7e640be315446c829e3ad435d976b228b89fcfa28993383daf3a851c1171bf9a8f6af0f638d10861c8d2a5c5082721d70dd70f6e527ad3b33573750a371e63b09632e77451c7280da8d3b363876d5dccf444cf2023a042289b74851334829d027c70ee06f329f04dc633afb173c80150499f7e4ac81bb43d792735d87baa6b9275fc4e75de7f883e08f8fd9453347ddbb3f041cd3d8e714dbb5399ed96413db7745261e47dd41507ec82c5fcfdb8bf9876973b92dbbbeed9c0a18a3fbcd6e51c93bf68c0ed1190e944ec4c9957260eef6cbbe177686841bd3b61f93b31076a5bbdc9321da1735e39a9fde16d3a6a991190b98f1cd171f2ea9f3c9c727f61ec42fa558d76f04d6c31973abc82b1bb8e1f0acdc07e24f823e3f672491dcc34aee951b22064969e48493bcbddd390f61ee865147727274b23ae91df6735ec758f35042d1fe499342edf68d3aa95b698dae3bc501d3b1ad8dc00e683448ca744c9a2752568f343d6241603a04cb1cd0c1c8a6d6465bed90e0b31bbc8ab58332bfc475f6239be10da2b6eac76a7498770176a0adb4efabb95109e0751dceab6f3baaee5441f732834053769234b39fb39342de6e7c88d54bb6755c09199d13ab980e21be1f883e08f8fd9b9a7985460fc1708fc15ae1546c1ed1fb5bcd47826b1ba0fc41f047c7f974f823e3fcba7c11f1fe5d3e08f8ff2ebbc11fe5cdf94056edc2a6d42ca56fe1431d2b438e83dbab9d40aa0d47b3739d408398f0e1ddf69697807a7b42f786d7afe0a95cff0568df7f4086fdb5f842df2494deddc90fd506cc2c3d555a6a3d977827c71e2c870a9d53249a6be3ae8a2947c42a8b9ef0005746f0e1dc518db2b4bc72af608201595cb6beb241e95430d8e19d697204226ba66b158b977835d6b54bef435f612d4ef589c6d6fcb964a924ec6fd57bb99aef02b65b56dff0096b9ab9ef0d6f52a67c52070a8d1618f72f792b5be2bdd4cd72ac9206d74aa6b0cedb9da0aa958e69702340a38dfc5aaf7b335be2bddcad7781ec2c6cad2e1a8573dc00ea56d1b202deaad188657c55ce700dea83ccecb4e86ab68e9006752b7310c3f5504b2626d90528daeaaae200546e2595f155ae48bf6edb46a6a8ece56bbc14ada6f0156f8a6ddc4cdd3f6afd964c02a4a6b9c6a734f76d4c6d06802930f2baa5bcd4fe0adda0afb0403a76667ec8c3873f339551bc22580dc147d9459bb25926ecdb5673083873f61de0a47e1a2da3e8724dc2c81acb4e614710f805139ae150429e188d5920ddee5b47e7349993d9ef34aff00a76414e2586bb8b662ab11f21521ff00ca54b33eb58a3710bd69d5bd925079294cef7bdc7e16f25867604bdad738541587c747c8ef2c261e235dad1c8c74cf749f3513ba30953cf8971343a28f13857b9b4768b0529d5c47ecb0f3b9ce73f270eeed7c98d85d24074a232615dbd4e1af643881f772eaa3c147abe8b078369b5b6d5f45ee84c261a3962369ab5ae19f705b499cea5d40d585b1ae74118a1684c31d6278f84ac0ff0047eea1c087dace6bddb9c1ede6b170486bb219153ed5ceb5a78477a8e189c6d29de05637a5ff006526d5800f87b67f90a67d5177904f9a4e3914cdb8b7208be31473699a849fca3b6f8f8969bfd15f27d07d8982277cddb5692d3d42df9de4d7af251fcca8b74aa3aa077a2d0d69b4665c98c6e75e605028d9a42755ae5daef05355a46e1fdd418d841d77a8a3907309f2bb46858ac4e22a1c7813f0b3d6f8f4af4ec18b82bb51d16cdcc6ddf2a189c55695402734e845163708eca8fa853b06a5842f5230e4f7e668b126782fa934242c249eac58c0fcb252c679b7257bb311853b5baa381923a3030e745335b1d6271e61450ece8cae792c2c4c69dd701fd961fe41db2c52e12e8b91a2dbb612c6763cd3799bc17ac4d536f5516222157c6ac6e046d34e15299d96bcb0e402757f39515905ec3c4a274386b29a9017a3f5c9acfdd458d82a5ede4b66cc3d1c75c94ef7fde483358ca83a8509a1d066a792ba355e7590d7b228c32b7735706dd9ada7f86a9c4b2da7d84ff214cfaa2f92325ad3904d66ca8a7cb9052fd143f28f62ea67f62f90fd139c4ef139f639dc81cfaa144250dc89a782afd537bd0f00a56814a34e69d15b998f5508b5a73a579a730e1c491f241b264e1a787b19059acbb320ab4cfb78057d8189bded7ff879f6568b36a1905b3c2460b5cdde77445aff00bc7717668b31559368b31ec66d05643b72ecad82bd992cd64d01569d993057b320ab4cd08e47b80ad724d6374029f6fa7e062801ff001155e6812d08c83e202e09af89faa7c473a83551d00b9a4b49517821f204e3a172649f4a2bc335437822d6baa4647f9467eedd464ca9d8eeec97bb90b55ae93c688868ef587f04c3fe10a89a6aab9f0a69a55b4e69d7914ae487b3060ecc9edad7d96c25dbee190fb4c1c4195db3a9f6060bb7c7b32e0acc9adad7da918d766c39fb7060ece36d6bf6b2cc056d50cbf9db5f65b0976f91503d9c23436bb5753ec3127ff2b93c77a90744ff001edbfe27119a84a657f2ab5accfaada5344050516d1ba04d757543b09e89e1b847178d00cd6c2680c2f3a5561a57d68d8b92bcfa39e22fcc86201f774ad51387f47be460f8939a1a44a07dd9587c47a9bae6b783aa1899d862ea0aba2f46bdccfcc9c00b5edd5a56c6180cd273017bcc139aeae85612e8aa26e9c94c5d847b23636a0f55567a2a42dea9db85af6f134a9e3184739ec75001cd6c6780c2fe555e8c90f0b5d52ae1817ec7f3a6e2e28f68d4d959a153c0c8b723f8ebd861c2e15d339bc5ca8a771c13daf8fe13cd4f8818379796fddf4504c60cde46ed744f929c2db97ad3db63734761e8f7c8c1f129a5b0b2b1660ad8c5099a5e602116260742e272aac38732a24ae7d15dea2fd97e750cf0c0e943f9058d7b708e79924cc7e5cd3208b0e6595c2b6a7472e09f111d8704e8e9bb50eaea998531d6b4ababa263ecbee700d15eab073bc1a08ab44d2fc0bd9113c656dabeee95aa3eaf817c8c1f123405af6f134f636adba4770b07344cd807b0532431bb2e40db5eaa16c5837963a957f209f145807c96ea5082488c52fe5285c2e79e16853472e05f15c322b0f3597518dc9452d297b03a8b10fd95364e232cd563f45c85bd5484465b2335673504e704f0e6b2819d537113b365d41e49c61c03e4887c48be3d4710e88c386c31988d68bd1f7e1dd139b2e9f61891fe3af9ab5625a75b5359cda33ed734eb44ca7e62803f951771a79d6bc8a6b68014d89baf32adaea8763fc1632bae54581b7efb6992c0870ffa5feeb17fa65369d73f3587d9f0daa1d871577a8b05f22c3fe4da6f26594b68bdcfe4df58f6ca692df957a281ad782fbb92f41f88ff004524b4c9add16da27c5130e8d58c6ca45f6e74d17a5bf5160a9f7b7e545e850efcd9ac565908ce498c768e0e0b1b8679f86b1a6b8f1c9bceec7623033daf3c4d3cd4d87c4474963d4858bfd3507ea052fe9234fcf9f9ac3ecf86d589a7fda58ef567c61f79baf4cdbcd065a722bd0ad767bd43fd962853e0585f05e95f9d3713879b673b479a383c6305f4a870e7d980c5f475ae5e91c68d76bb9e0d5e898bf2025e3c160c1196cffdd4ff004fdd329f5f3586d9e968d17b9d2cf79d903a7e0b72af5538da37319267cad584fd26a99983b23646684b96176ef617d7e1506d786cddf1588af450fc8c586fd11fb2f494a4543642509a27c51b1dc21639b23817db9d34583fd350d34bf3516c6583674c9635f248c25edd19d54bff0076f37f55e8cfd51fbfd809393c7edd92f7b53ab43a2ca30b38822dff000a70ef5681d94ff4597ec830bf25031aee68763fc1627673ba27308cc213e23106690695e4a1c66d781b4b68a68ab4bda5b5f1430af75ede792230de907c6c3f0eaafadf27e72a3959398a46e842186c43f6bd5cad8bd24f6b3a2751c5ef3abca78925b666ea464a083084c925779d5aac03f696fabd0d29aa746ed1c3345917a49ed8abc34524db72fbdb4a15e9231e21d0bd9264477adb6227334834af25839b6b6ec5d5a5355345752f6915f14c84c95b2bbda2c1c5110e3f11080e43b1d241e909195e4734f91d299257f138adbc78931494a1a26e1e57934037bbd064be907ba21f0af557baf6e754461fd20f630fc2bd636e5e4b286bd56de09cc32f3239a0fc5635f2d341a2c149b5b7606b4a6aa58aea5e29551c37dd68d53e7871663b8d5c2884b0e31f13c369dc8e2269ccb2f5ec30df6f3aaf56bab96654b36d6eb865968a1c6ed781b4b68a482fb6ea669b857baf00109dead8f7c6c3f0a2438be47713cf3ec6418a7004e89db390c92bb268ad545852eb0968cd43156b63436a9f36171861bf51450e24e31ce734e75e69b536c8dd1c1164fe917bc7209b8579b9a1a02d9ffea2ed8fe40b110992f6c85590fa49ed8ff2d14b37ac17deda66a3959398e467c49b879dfb5ea4a2dc3fa45ec8ff002a76f97bddc4e3cd3a6c2e28c25da80a2925c6b9ef63c3b31f6171f8171270ead202372dd6a00c4857ea8e468b3615c2b23d9c93a6a70e43b48eaa43138efd2bf66e90dcd79d482ae6b6e7753ece224693594d4d7d87464d03ba22f654bfa9fc6832b731a1083cdcf234a9597e2083a14edcdd2aaaee47b38577ae159b1cb51f5592cb24d02a5d5a26b072fe522d705a65c8a61a668846d7669a4f6e6d59056b1c6aae90dd21f673591af66642c5381cc46ea285ce7124d733e29d5c4996a79ad72591af6647b7887656e0b254b857b733459159e4b74d56123bcda58725096bc8f7a137c16bd9995e8cb24347499d3b69515eccd541eca5c2bd3b3334433d5631979b44790ece21db5aac9631b79b047a2c9c3b2970af64d85a36d6b6b5eca5c2bd9c43f0b42891c9348e6150943d8a302b9d9bfd973ba27b237ece166a5366136d21ad1c17a35d8739bf87ea9d33f15ef35a2c439fa88ded50ff0057eeb1573abbc53e3db86c21faf3aa383924bc39b5057a942f6b07c4e2bd661c73642389aa397f304f0c347108ba5f49b768b111c8417c55150a41eb36c6243e35587c231f591f95c57ac33d22d74a3322a9929d742893c94af12ece063a813c3f117c54d3bd5cec688e2a68a183d65b2c522c17e9ff00ba83f58274dcc34517accbe906b247661b5526126352dd1ca68637d90c2684af4735f3ded32e5d9b837de6d6adbfadd25d68b18e99d52d79aa91fb5d9c0d751aa16c926d2090d2bd14585c371c83f75b518cf7baa9df28df832705eb4fc46cc1e10b0387926b999d1633f4ff00d9478289c1b78ab9c519e2f4935d23756d5472f3e6b1247fdb288f59b626bbea998499f7b25e172c6330ee01ce6667a0431631575a455453378e502dfaadb498ba4873a29fd1b39b64a503c29f0deb2439ada972c36162374cfddaabfd77deac6e1de2b34032ef5b6ffd42d9eb9b531ae755c00a9fc3548a1ee5eee4cbbd0f05c2ba2cf3590f6a46f51453438a6dac79c9c9b84c25642f70a9e8bd06cfcae03f6527ca5631a0666f4cc2dfef80755b458aafe62a6fd6299fa69f262212e85f9d5558cda38e8d04a89ac616369c254a61e257e29f59fe2babaaf48dbc35c94ffac561672cbe367185752a7f2d4d53763118d87e129edea28a5c262f728e24393990baeb456aa46fa45e4300dc1c960060f40edea2c1e225ca20ccca8a584dcd1282a61863796d32f0436e2c900de0494f386c2bdb41c7c96323c46eb247d5ae5e8e10bee0c9733d8d7442af8dd751067aa4865a528b1c1c285cf355361717566fd5a561a0c36f35afb9ce5062dac2e6002bf457092aff00cb458e73f75d89d02f54c4e1df56694e8b00f303a368e1aac4cb39b58f6501587c4cb197e1dcccd5e054fe5cd3365098da7e12b17fa6e4f8e67db57d42c33a115861f89634ff00e3ff00653ff4feeb00e8c54c618efecb7e4b5e070d1498c3196c79d162269cdac73322b038f89b7b586bf4576db3fcb458ef48c91911b8500ea13a781f64fc83723558774d5da5bf882b3fb2a491870ef5eea16b7c02639d1b4969cbb2d64600ee57b6268775a22d644d00eb40888d81a3b9093662feaa8e683e2ae661d80f5a76de70ccbbad11b6302bad02218c0d1dca84555c30ccaf82d3b3de44d77885eee20df05ef616bbc536d81a2dd32549230ef1566cc5bd11d9c6d6d7a0573b0cc27c151ad00740a9244d70ef40081800cc65d85d878ef7d74458df45384872aa3b4e379b9cbdec41de2a91c61be0a842bfd5d9778275a33a6415b37a29ce77509b8bc445b26b06eb57bc89aef10ad2c16f4570c332bd69d98a00124c6e0027b31586cf69f10548d81a3b9194462f3a956bdb56f428343406f4571c332be0a80517bc89aef10836dddd28aef55657c15b68a7457fabb2eeb4fc4bbc11f1fe5d3e08f8ff002e9f047c7f974f823e3f665b0c664a7459e14ab1c0b1ddff0080203ab4d50bde1aa8266f9fe037dc8021cdae955426aee815064ee87f04e11445c1a7790737f107c11f1fb28a21ff0051dfd906b465d8e69fa217713723db26c9c18d69a67cd48c938e3343f64d8d9bac3ab94ae85c4b9aea53aa6992204d39a3ee583e8a68eb50d3976b762caf79524b2665a4a335ed035b3b935fd55916a33728dc752d1ede2257e65afb422c28d4dcf3ab96d871b0eaa371e6d07b09636e3d1471cad0d0469d9c01acbe95ea9bb1700ee7540ba56666940a3a8ac8ee49a5ef635bd07b373cd02a0933ef5640cda3bfb04e6182ea9ad5a8dfc4e24f9fe21de08f8fd9452b47ddbaa7c10734d47639cefa217711ccf6e5c6ec9a112fe37e6efb3c57cfdb8bf11da53fe72bd5a2e23c47b965cb20a6aca0cd266545691bad00fb6ebbeee5fdfb59876f8bd003976c1f27641faa10f054f821fdd3581f6eee453256ccf22ecc140fb103c8ab1aeab935b132f77705633748f8566ea7e03882e20b882e20b882e20b882e20b8823bdc96657105c417105c417105c417105c417105c413df1b8b5f4f84a8806174944249a4b9fd3a2e20b882e209f2b40d77731a2f7ee16d17105c417105c417105c417105c417105c4b100d6d71a83d8d9a276f379754f61698c3f88a0dbb45c411de0a56e579a96a71606d5dae613862ed213844c6ddc930641d4def15c417105c417105c4171045aea2303f303472f762ae3fd954bb7ddc457105c41710514a29686d1015f756a8c32868f04a21a45d45be45ee3529b2c2ea48d4cf59734301d02e20b882e20b882d42c885bd4af509e66a975680929ec79e17102bd17105c417105c417105c417105c417105c417105c417105c417005c017005c017005c017005c017085c217085c017005c017005c017005c017005c017085c217085c217005c017005c017085c017005c017005c017005c017005c017085c217085c217005c217005c017085c217085c017085c017005c017005c017005c217085c217085c017005c217085c217085c217085c217085c217005c017005c017005c217085c217005c217005c017005c017005c017005c017005c017005c03f97fffc4002d1000030001030205040203010101000000000111213141516171108191f0f12040a1d130b15060c1e18070ffda0008010100013f21ff00e7e5ab37846f439fc643d712cb6273587c87c3853306f092188e1ad36a611dff009336dca7635711af23ff003eb56dbc19999947996ae46fe27c91b6a594dd782e051b316ed8c2d82c42af601bc8e1b2709e44e8568828bc6a082ba24e830e8e5a7e16d8e0f01722281aeb452fc95959d222d11c1a28f56ffcfd1d6ea10d001f2ba7b8e7b8e40eb2949817f0fad3c30f611b2e43ad64d21541227698ba19ae4f6d77ef515ad86f6cc6d45769fe4e8171a1aec6529de158a4be88bfb10a9eaa658e60ed164ead14e433897e59180bdaea1f9ffe7ead24c8ecdb82fe932082fe1fc77e147a33f3627bad8fc1f8b5c9db0309e6a24a4fe89d14bba405ce575984ee43fd9bfb132c13fdf57912193d27e465530c7bdfe7884128f666604e02fe3ac12cdc75bb129e723d192d4276238ca939ca2c1c2af3292a57a471ecbb1742765c63d535e15bfe04043ae4d06c706ab7ee2b7ddf20f9ff007dbf421d913d1415a4ef19027d2f7983aa35dd4eff00a0344fe46a8917842324ae4920841141421a8eb76281a0d449ff00c06a5294a5ff004c4afd812bf60e97a83b1c469e4bc3d9d6dd926e7b4f06d9bcff003860c0cc6f7c2f3642bd88d60725f58fce9a58f2e659269b7d91d0f504afd812bf604afd812bf604afd812bf604afd812bf604afd812bf604afd812bf604afd812bf604afd812bf604afd812bf604afd812bf604afd812bf604afd812bf604afd812bf604afd812bf604afd812bf604afd812bf604afd812bf604afd812bf604afd812bf604afd812bf604afd812bf604afd812bf604afd812bf604afd812bf604afd812bf604afd812bf604afd812bf604afd812bf604afd812bf604afd812bf604afd812bf604afd812bf604afd812bf604afd812bf604afd812bf604afd812bf604afd812bf604afd8213c2a8b902f41191b471a0e942685639c8a6706303e33c2ec879263ff449075ff02611ee4d15994cdc68633f28e4d9c562dc51d9e2109e1484fe2abe884f1a542cede109e108421084210842108421084210842108421084210842108421084213e84b5685f74721301d5436691b4bb0d2c25ee124a6cf704aed90fc0c49a98aef548cd410cc44344f23e3536622754b7d90931c78e87fd9a2fc36c19145d59a7a97c62fa814ecf11ee8299e98b62a294a24206cae669722ff005163e2bc463c970c47e0be252aff00175300b510e5310badc6906dcc7a912d5e993580d6b1d9d3737b8132de44c0cf3e58c59df9219fe825b44f8781808b84d32705220f46684f0bf4149b25d4c7ba4b0a3bd01c1107b879d9741dab5103fae33cf24630cdae83a9608d599e9b57a909baad0b6cf2386ab6d790d70850e3ff005411ea1c91ed965b9ade63acf808276b4da8b917a97fd1a37a58e690e86ad5ff0047f84ec6633819cea1eed6b994a7d64a22cc5a8d9d5e07b150fcd1ba143ddd8b81954314625d09a6d9332f08ae083b44aeb91d6d24ae4d0c8826c313c7f8a9ae29ba74a656f2d0c9f5e7049866c68dd10adf955dc53aa375117946b9611d2fbd0b53d5897b52bd16cb90a5ac4bc5e86a80f5087637818f0ea9b16f5a52673ba248ba537e425d20c6431febfd783b787ff02e5b28116f505eb564f107f63d8fcfff006cf6ce0fcf1fd308856846ce8d9c969f1b9ef1c780224262bcc4d370ca3018ae792aeca41425a32c8268ab1835968c89f708daa3190946ee33b1c790221915af437251244ce0bb0d57f9ff0018a5809e7ac8e8a1e45dbd01ae71d725664991f41d8365a073bdd8cd5dcf08a33b7504be96756fcc7e05fa11d558782aa72cbe4408ea6660455e4409124dbe4d3f3e4a966d72abf509795846323c6c8e47cba992b033bb2d17d3120ba86671ae592c6f61845917633d02f7085173a0deee750b72d20770235807a8f0bba0b82b7acf5c68f6b3354cff00d4880b236440dbd304f10bfc6349a8d53625620b7f66971c17196c2589883e210f41b1ca1a26ff00f6352bdd897f0f38af3fe9b692d9ba2cb67a424a13614c88f9cd9a4ebffb61840cf587ed820fd752cfa9e8c7aa61faaf2c91ed91a51b1cb862d3e97a71927d8c5a17d67a1456b910ad28893cff0085ee5e4bf2106dfe21ce878a6887aed43487d0be3795a042746973e0ff008e525baeded26c8e18eb027ab33ba3870f0c8d30e59944bae07232da8fa0f2fa5b25ab1e8a5e43ee12d0f61613bd109febd547ab5551ed7d7c615fd6622e93d73492a8cdb31a3cb99176dbe7bb13b120c9a4b554a2aa73b0d0715eac8e11bac29a8bb791aa27895f527f4dcd3c3a92818a456ed9412226818516d1ba683032eb44fb497b0746990874f3a959c9c7839eba234facdeb917d9ddaa8dc5d92a6f64bb305b3159563d3d49bb5727851156d9c3a8303ea3a8ca1d3575aaf4ff000773e4bf92547e48f4b1618b8abd8f25229e4985399f31412aade1237d44868b33c6196f2c241669538ea200631bbc9a4d80f61ec3aa12fb7fa45b35eb5c24227ad072e9e80deb768ff06f71205a1ba30d367b5f5f1576ac95a0cd63d4a33ee5a90af37f27f67b68ded6a3e458f887aa3f1dfd782eb41eec85a4c6452a341a6fc1a2bb6615e3b6e10e6fcdd28f6924d2f8e0ea70fc8cc102a122f6be6169789891bd686ebebeb414c67d4f745552f4f3029e6f434610497829537ef611a2c504e9b8b575c85c7fe990c959ca1177becb75b0e2eb2ef4997932ecd51b95679e361819229b8a8f427729b8e0cf912bd1e82ff07a9a3cc882a7dfe86100d6c52f24615c1898422aa1bb52df842f0cda6632f82c91369ac34f6124b6fc80f6fd51a2d2a111d356fd4c24656cd0d4e0e1dca443be825d6b45bd2f06cc60bf79e7e1930c534bf51fdb4d80d7c96a522dd7fb16cba7f68ad43f20914c5ca264b438087eb77e484051597e41a8b377b19eda0b91eb24d45e7a68d156e544ce89c912f57847b8f3e1cf6fd8872a77fac4c085abe35b1929daf3e0cd24f10c65997fcdfe02ee5c56ef22aef07e65813ff7859785da519eddc451a957a9a885488d333a0a99964972db155d14f4dff065852bc83b5b213321fa6201547913202bb85550074d0ce25ca7f43f3a3a18dadf117ac636996948fa18f4a56edc0a304e6f4c3a3ec53798cfe95a0485fb693b4b7d391618e2b0c8bcac2b46cccbaba02123c6b8cb284eb6b85e7e15da739c5454446629f4f014cbf6018515d2ade53c88a13523936678434fadbaf41b9255ec774e8319b92b43bacf21b1045fb2e0f616e0854fc954156c3b0a41bcb31f409abcc69c0e3abf46a2c4b98e2426b591f81b76bcb382b5c8630bfb71be5f84110a6d6bd44115ff002486891cab39092425a2507b7b623dca26b735d18ae886c4c5d1f24d0f77fa8cee096ff913ad271fe0e3c1a5b33e0d26444122222191091a104b62110e948b484444445e1045089088e810208c9182115be10c8444222223c22f08a4fa3226478111110410422fff001ca27fc2fc1bfba7e19a679faefdf3163db538351f7f9fd4f41a27296e444753553fab4020790a316694f22d3f818ab54cc549118392a6886a6885be8d8c3ee59a2d998ac11460e44e8f7bc949993567d5ae62cee85ccb34a39fb4498ca6c36029f30ad6d205b9b502d996f18338df0c098e5d572cfeda174466ba706d10fd19623110d759b86071d9e4661c073735100de45fdc4b608ced36ab16bb83375066a70b237defa20a5a3c98d4d620cc3a334b7056ab7a8a19abbd332efc524b3c1cb445f42581c6fe826a86757897ec8c0c902ab72140acd3f44b07a165546bb097dbd5985f8f172cceaadd85cf42b094d15f1e744eb0ad08b8d5b0d1596f4431471df87e29a9ce25fa98e3c96e3ce9752981224caf269406a5190027a85f977a6212a626da35bf83a488f9d625bd587348ab43239bbc2443c560efcdff0047bfeacf69d47e13fa1110ab6d068acb7a224ae62c3f0768b2b0a75d09336fb5f319b15cdf26314274f41e31c4a5e47b637627f39565bc88eba9454cb3a629ac18756794727f51ccd0616c53cb18795904ae862d947e0bfa33f658461c9ff22de6da6570f5a9a468b48378e77c1a729e04d25377ac15090968da9ba40fab6e2e77f00ace1ac98dad283dd06d4b5d2d893e93a5dfc1ab442602b1504f44fd11ac536374cacb70b2c3dc4d8c88c75c2c092162696d59435042bd1c1bdbe59f80fede0ab4b8697ba8b3db59748d4d0d1d53159355d35e495d39b71d092620dffde4f048b49b67b0760d80eb0bca47564b59f190751ce9c2ec442558b8a368f073fcc645cc2bf5baa611d511aee6d92be42c96ee0d7f9d6f2f2349a759f5bf04dea89d3d68b144ad3dff00567b4ea3f0ff00d0a9586b4d79257ce6dc3672e8b11805b6ea7f33801909f23e2fb5737cb0c9ada319b156ad8690132e44f61bb10da9749bf4234b28ec0682f59c1199703b0deb05702da174f53f5435caca2f90dd9a0ff5ca689331ea51ecc9e8ccfbc5b2725af5ff008e215489b60ac6668f81637983094ddb8bcfa42f9787968872cd5b192909c7d18f02f1738790e4ea90c265bf1987bfa0fa3f299eefab1b1fb65e0d1ea7b5371f88f74e07510ab0a208d30b61e3604c957399e14af591eb469658ec6a0f6bcd7852a7ec704c3262ee8a9ab86a6d4148561a2d27810459ccd7fe37de5c8dd40e9dc6e9f349ee20dac1f2309e07b4ea7bce8cce1c3fa13213d2f25d51a7a08abde9607522d3e521b4ad30f656df6be41364cf947a93507af620eea387cd92279abc095de1bc1785d21a784a46e7915b87a92bae267a10ad987c1c8b407e010d789c7c0b5565de36af5cdc1308778efb182a6f18741fd1ce22cb553ea078d8884e24e303d1e06a734ebfa46d75e7ae0750868bf46407d0c5305a7dd05a227fe9cf2ed5cc91416e30212e9b7e26bdbe6742c14cf23287465222aa5ad75650f9d534b1e628b38985b1838e42dc674329aad844656d49772dcd64753d5f81db318761b01d0d6f70c10d2cafc1fd184bb9a1594c2881b5b5768e683b6d72e5139a83b0922acd47e27fe09aafc3605f16bc44868454d34d7464a4d7ab21c57be235f27d85822c6ebb8a9b760c8cf62dd44526fb53845b35436dbd0c3c276ffccc61d861333bba8d09f3a172bae05e35b262c9f56b3ed350de798d88efd00cbb73354fc189b90bc29425cd1dee4f9f8c77bf88d0eef03eb3f3f03ea213e158477199d6c5e0d576904a6e52092a089c326a25ca35640a06afd03d1e28771042dc4494f0ae7c094f06bc1dc6bb7c196a779a3a1de57564f07a3c1755fb63223c094c7fb55fe082aff545a8a26f41077f05d17f29524dcaf23fd19ea093cb5ab19bc2b64cc7d464e07aa784f253b3b88295dd5924636d484e60cd122adb2b8adf29e086678cea31b437fe07818cd24d4e1ab32efd5c9a97840fe4dc6d68d97419e7c3d2415bbc173dfaec2a26755f026af764f23268b324250836cd465f8126b38b913ff3b8c6106c51a54ca3f4b32988457764c634db63d856f9f47227d4fc293edc2525458a6648f94ca0ad2e4b71f870e2e6420dd56a628c70e47178d13caadad521175a62e663acb3d829bb2ee5e14fcaf819c05e9cf962acb9b71b237966783d9a51799d39a197ca4fc8d6c43cc7683a356772c0e9dc7ed0f6ec27021e4f5ac931bfaff3990f5c7eb4cc929559910d2f8b962fea7f6c3714dc3ac123173c18ad16dd59813246f21107324f312cea612e68cfb8573ea8eda8e43336f224883c76be1248df746d0f2299184b813ff43aa85f66a46eaef85b4d6a0378c59d1a432ee05a4dc5e2c59790b9c48c77c77448edb0f49ff7c74c484ea5651d3a6dde84f2e25b531aa35be7fce7e7e690dee3b5847e1708b5f9fec1e95d99c1e8ed5ff64a3d54b58fc1d81e31baccff00a42de161fd1af5f3b36e1ee2636aabb73f81a8f3d9cb621d8327cd41353e34bfb31a6a7544879cafc18f289673fa2b4c75782b7c187c1967f869afc9a7f58a5e436d145ba983ff005423ec4c51db8b69c00f16dd6347f922ccfc610c74405c074cf1893ac4d602ff009c48fd78d6489f49adc64854d36c1a19c3cc7a991783a21a24c1e15b279e83f4d449269b41249a783faa3fa18bc37f05e0bfcf347aa8a5a0bf8360d5b4ff00aa12caff00f0a7e0be87e3831f76d46710d63cf8590b4f0d27ee191552e4557e6cde464d6b7c0f277e704f249cfa32f5c0d1e23818d48dc45726ff00566a5ae59108db717518d6e0bc555b24b964a34e82fa70c894a338f8131137b517d0c5d44972fc3cc12557d45e3ced12ae7c2a7f56a8dd090b68d0e27d27520b9de98c3252a698953b9e9f77475652c0d35d7516c45b1d50d0d7a6ec3b3731437ffb8068753a8ae85ba6b5f07269526e4c26d9b4ef5233266d9a412a7f2306ae9d82fa61890cec1ac7e6272b6ea31698da5aa9aced8fbcf06dae5bf219ee540522c23624a733050b26a429778052a535435d345d09ea9d58c81a4f3c0c2ccb3e8d7d27a329c472ce864ecd56589e58faf745824f5d135b3fe832e9cb61cccc54e04072ea1ff81fb023467322454af44b5129b2b1305e2b2ce9abb0687d0686a11a175235c41c62774b079f5ae0c249f519d72c8206bd54a6952e2d37193f581ecb60c8e4ff00858f24caec1f34bb47c48b947a3d0ed69351045873d2981a4879596db872f53553f05f616a530cad2e3bc70a8fb43c1a8e1f851b3ecf17d22613a2fa99c9b470ca333fb582d479d60bd720cb66c62506882192e0bccdcc126b3c7dbf71847a1a1ec5e481d8e328fc874e74591a44968e7086dfe152d50c15a2bf2840285a0ba0778875b5ceaf49e074936dc4b7370af7824aa2223f29fdaf03199dae9311906dbf8fe10fc77f47005d0ad1fa9a3a550f7bd4d25ef4d11f10b6f9ecc66cbd3ec0a73a49a0ad257434d7a0875a5062101b44d6a889444b6755e97908bbc44bce045091edbaf8462ada1e5796c58c7fea20f5a09ea485dcfa0acf02ad39b814d9b7ea6cdd22875451ad6136232cb98b8103c8dee217d8669ecb61356a756a1b57c8a0e8b89bbe1af1c451bed07574de5d2970574771609a88212cb8164790821b78a617d4ad98e3d12ff25f15aba2d56778c5f612a434d6d91e6d6085d9fc21525191590389df32c1cd0ec2d0e066b4c09f2dd57ec94da24b82af81e635fd2f42ac5aa63177ac2162901c8e04f513595484079a6205c28528127d0c0a995092c1f68253a9a6ddd475ad32d88d5358bc2aa206c4621038269d28667d1e07736aeac785af4a0b8edbba9301035e0d6a1137dcad8963b31b84afaa4249c513a3bc0cd504396ac7374a6a6617026cefc7adafb18bc622223c21178cf08b8faf1c11117042230446df768b482af2304fa2784faa2f0889d3c2222e0c11182227d3118e0497838442f088844b627863c62e3c57f8c9f7f09ffe01451451451451451451451451451451451451451451451451451451451451451451451451451451451451451451451451451451451451451451451451451451451426feb6eae29d29d29d29d29d29d29d29d29d29d29d29d29d29d29d29d29d29d29d29d29d29d29d29d29d29d29d29d29d29d29d29d29d29d29d29d29d29d29d29d29d29d29d29d29d29d29d29d29d29d29d29d29d29d29d29d29d29d29d29d29d29d29d29d29d29d29d29d29d29d29d29d29d29d29d29d29d29d29d29d29d29d29d29d29d29d28b2922ff00e2165d543b3b6b510c6ef0f4f510fb8a6e9b380e367f71cfbbe25e86a70f367ea243e5e8d254b97967ce68148f1342d2584e8a6529afb5eae0be9a9a362b2273414afc155d2c7792b7385178f61c0cfe3e5a8a9097ea5a7267ea274a8f257463a0d0b2e9bb69f84c435a4d55b0bb99d78555021ab43cae9834c3a145296b82ba43068dc3b454516839e4ac5a0d2f0dd18bf7b772b9765782b42fa0d8d50d50b352e8af265a14f219fb951b044b845c8dcc1cfa83e88777f563473964d9644ad2abea82559517407b3827f4c0e2b6437a2722712432702d964c6cc48d0bc4af80a493bd703fb691b06d0ab91e8f25402960c099c4149e957b8f362a0de9e94705c4a4320edc3d590ad8d68c4978dc1d59b5eb1d49c1c37d033f58f17ce336aa13173e24e7c0a8b9d4327930ad703fbe1f0700e4e5b8aa7abee0c08c60751b7a6adaa6315b5d2f6360ce21c76913978b1b6c50fcf72f7291eca3e09ef63603e36657a2a35a59563762bc1a97b06d10d89a8a3e685a97b5152a5b8110091daa37e2b50e361f6f32426b3d02a7a325d4e313198b9183733027489645e54e26ba93578bd2625e677fb964591ab2ef6bd67b0d9e1e0cb56e3f8d188cbcc919a63a7c85d63c3aa31bd47389781dd735680f76ab476c089813a846b205d44c7a10bf42a6d4e26af31907e4c314a75a96d1e21e656d17036ea25eec11ae06ff00c9a11b963a6f515d760a3832ef5b6b71967d30874d6d36ea1b43c7a0e8f7372771e3961855a6a84d1bf169e1cc234d5ee277aebb4ccf74a15dcc6233b223d50a2d89e515b4614e6489aee846e5f0731e9af786c4560b07b8c1907bb53be00214f468744195a573b0816bb434d04bb3f70ec69f7acbdf104b3d61c04a8d4ac3c142e8f0f7b6ea313a44dd885f7521dda8cbe42f3f1916c2ecef90886a23709539c283b32e9b750ae17261d02ce9f737044c6a887a20dfdce823cd5e0c3ac917d373ce1f71f15af2e605c33b2420f44b3995a43082d753371af946e66cc49d0e0910dc17a4e6fe88f143cf10c9f80fb0bcaa34486f1be4365ffa41a98f5934adb8eebb3662fc49b0b48493646be0e3045a4e7725ce4404a56c23dad6944a2f16af62e4e4e043f7203bd3a4ea5861c609497bc62b45a4679a6a8621c8a9ea46c3b71a3175b489e0e4af50791fd89226d5421282d555d46cf2122585e841be811579842512ff0062a7b85d546c84686a462540ba19e5446877ce2c378ca0ee8b76626fa7b0a2d12293623b5e98266a8b14e45652f5610f21187f9ba129ff00e334a5294a5294a5294a5294a5294a5294a5294a5294a5294a5294a5294a5294a5294a5294a5294a5294a5294a5294a5294a5294a5294a52fd6ebfa0f668f668f668f668f668f668f668f668f668f668f668f668f668f668f668f668f668f668f668f668f668f668f668f668f668f668f668f668f668f668f668f668f668f668f668f668f668f668f668f668f668f668f668f668f668f668f668f668f668f668f668f668f668f668f668f668f668f668f668f668f668f668f668f668f668f668f668f668f668f668f668f668f668f668f668f668f668f668f668f668f668f668f668f668f668f66871e45ffc4357252c4c3855c8d7b0a886ad099a20b610ab9352a5b981f135ead8aee6ea6a2684d1573e157fa6e3ed746ae145d190d8b45872c4ed291ed1cc1755c096677a40efb9c3d7566f5d67491c44185f72c7462ba8f571394319adf267e603dff613954b597d1f37835c1e8a9239e8c929cd2c9067a5fe97ee1c18f7642ba6a7136898d38ce20dee9417ba8cde728df12fed657226f04f10a5bababc3f03e18f8baff73db3817a8d69a0e8fa5654aef09344b4358bc4ca8f1d5799fe97ade8f1c8e1fb5a4b05b830d398fb57f4e7b8d2b6cec2b735ef19761c3a8adcd165434bae0df4466e4995d2f221d95c416f83ac6579ee3ce577d2a6910cc1aab99b13a46add70267cc48d4d3bf9dcd2439b24c8e25f83fd331fc0c5ff00cdcdcffe83e707ce0f9c1f383e707ce0f9c1f383e707ce0f9c1f383e707ce0f9c1f383e707ce0f9c1f383e707ce0f9c1f383e707ce0f9c1f383e707ce0f9c1f383e707ce0f9c1f383e707ce0f9c1f383e707ce0f9c1f383e707ce0f9c1f383e707ce0f9c1f383e707ce0f9c1f383e707ce0f9c1f383e707ce0f9c1f383e707ce0f9c1f383e707ce0f9c1f383e707ce0f9c1f383e707ce0f9c1f383e707ce0f9c1f383e707ce07986fd7eb8421084210842108421084210842108421084210842108421084210842108421084210842108421084210842108421084210842108427fb6b6ca26c59fb3a5f0a57f68a5294a517da36d158b3f66bbe9658ba2fb59899b3e434bd33816584c9fd9246d860d0b45d43feaa5c12ff00d8b4ede9916b4a9fd9594d0d4d11ad8e0b51ddc341aaeffa9b606be02fb4b7e809d4bc05a5b1331bbabecd2eec8f30585824b089e482d63d4f4e861f6486c2e48543ff00116a2938aee7c589c4db90e6585f6146c338fee23625f0bef5d46ade82fb14225a8d90ecb66d60c23a34cec4ec1aea0c0736a7d4565d4d5d5fd9ee51d908c0ef83704e6893f448e930bec954130f5624a23434bb46235fb17918ee43e8c5dd41622fb273dc0ee25070ef894abcb2d7a6a2ea4169f67a5e3587d45aa29d4d18e26faaceea4f5550621138e2126b7fb16701951cb12c2bf134440f948bf172341b5a8bec20eea309f67abc133d6d84405c809412fb2dd1151ae9b09a4e302ffeca199e2f521e53afb383d4767acaafe8e5a75061bfd9bdc572cbe5453ade9b8bd3afee5275ac93ec9ac8fbcf8d58642b53fea17dac2cfc9438ad4af6ee3cde7dcfed1aa4129f6707913c484213eca104fb76bc094fff0046e97ac74bd63a5eb1d2f58e97ac74bd63a5eb1d2f58e97ac74bd63a5eb1d2f58e97ac74bd63a5eb1d2f58e97ac74bd63a5eb1d2f58e97ac74bd63a5eb1d2f58e97ac74bd63a5eb1d2f58e97ac74bd63a5eb1d2f58e97ac74bd63a5eb1d2f58e97ac74bd63a5eb1d2f58e97ac74bd63a5eb1d2f58e97ac74bd63a5eb1d2f58e97ac74bd63a5eb1d2f58e97ac74bd63a5eb1d2f58e97ac74bd63a5eb1d2f58e97ac74bd63a5eb1d2f58e97ac74bd63a5eb1d2f58e97ac74bd63a5eb1d2f58e97ac74bd63a5eb1d2f58e97ac74bd63a5eb1d2f58e97ac74bd63a5eb1d2f58e97ac74bd63a5eb1d2f58e97ac74bd63a5eb1d2f58e97ac74bd623232323232323232323232323232323232323232323232323232323232323232323232323232323232323232323232323232323232323232323232323232323232323232323232323232323232323232323232323232323232323232323ff65a75081a71074a71320bf5c14abe9a8abc69047f2411fc748134f4fa6a2ff2d454414a8bf62a24f768684db5685d31d48f7a9b348f298f2f75a75404b512bbc1945fa5ca29d12ec34990842900f8934269f7f0ab92f83ea3775eac71f2ff00534457cc43257258bf49560bade7ef046af33f92a2ae4ab92a30904a77292babccab9f0a38d6a3f566a712100d2e822a234be15725455e157255c950e56c76253d6a36352a2ae7c1e58c79e85485e9ebeffe58de3d82d32758370ac991dc98079ad1013fa2af0abf86a30a9ba3a9db0a8e4195e7d16e3bdc46c36b73ff000c74303c06f5a85c8b909e4989177c234f32034f0f42f8fe48c0ee555aa05a37da0e432030b698584b259e21ee5560dbc15beffa064d0f6a47e4e01b9728a32cb4f342126bf8a11bf91c8a8cee0a97ec31ac327b630aa1c9c521b252a41df0ca6b836546d301ed641fa9d3858ffa35314670bfe1876beb894558ad600a254e51124224d109aaf991d3c111d4ec9227426af50936d6e132e82979745196d6ec414e51b2628a20bdb2646d736e84b0bc2e46dee9bea5dda978b8634bdde2d69ebe04f81e12fe8ffa7e842d7e317f1342b1306bc71873e8326f5fec5c47a65a563ede211e7cc785e553c9149f6a2b4a255e24fc18ec3dd474368f50eb2d3b3c849fc193d35781932dd7c3411bd00b188f52eeb20d713652f56fa37045e29f01a14edb8c8dd56f0048b70d1e88b8b467c74fa2fcb9385fe419ad586d0b6a6d1f4167d22b6c4097a72c94baa49713c1ba9ec9698832d433736e6a5b085ba2d7c8c01fa82f5cff0021834ab71f4103db47ae06bff6bad9ab5ccc19139ea68b5c0e5ace31525c21556b634dd52411afaea1a48e31ee5c783b1c11b75b4308ef6bc2d1f85858eb5c0f3b29b618a492e8642e7a8fea3aefa65863ec3035e90f87ca92d421f2429349de09f596724c299ed37929f81f06a18e8c7a21e954ab5d90c43f77064ede478368e36895b8af31dfa5d3a19b46fe3eebc1f91fdc646d94c7d29b50acb433da7447b0ebe165e0a4aa4f545eb7785a8bf8097dbcc78586d1d0582ef7411ab2cf2797322ad97a2ea4093cd30edc986336fa8966c566b054594311c1be72e99123271a1541477337f15af746554eccef98be68de423f34350936af0b09bedeba9c3189a783c23d505fd6bea1690dac1683d588b7699e81a3ab3c09acc54d7234a5cb00f51d6b6182d7d67e81a8b0a9469ee4d69a47b3c89fc20c311d49d1b30cfa5b2dc94c5c3c1e84837a8983f2c0cf85a8a3213c17ab150f581b96e2e0bfa1b1718323fd4d72c4c2e756e8905d7918991cda07059fb324b975302a306303be499da533f3f831a3941b2b1f3197cba8ba1a9fb60bcb10ca84cff05ab21a7e641eb983b23d7a52091417456b815b70a89c622217f275cf3b110da1329ce660ca3aa48195e81371066939d6334c05778e435bf8091a6652d3cc6624675be60932c4964807c85559585e1bfd9b455e3b422824b4494ff36ed9cbfd935cb19d72b8324b55262da2116a0f972b0b4aa23e6d296d460d497043173a2095085667b89b8d2ead64e2e465386bb584f607acfe2bfe1aafa6ae7eefa02df9604744c726356f031552f41d79f25dc62d38a4e85b7ba080e53f06e8301c24af3b5105536204c568d60b10cd3a8f7c0fc01e9f7463646a85a0612fd2c34ed7fe1e2ac435696e2f05f435b9393a2fa1fec40b34ed4958f2e534140a606d18c54c704d0d0a8a886418e4f55a885cebd052d1b85f0818c343a3dc5cb52792f310a86d0f97a32d97504d78417c09fda31ea3ddfeac4d2a9495e0c6998fc42f3aa5214e4afb8c7ec195c32c70ad5c57999c9d3c8d97c04c35b78337993b0cd6a2aae861e07e216e51b3a8e2b52b68444254d86d6d9bb34904595761ba6cf8eafb95ea68e7b1ec22c95b613e852352ad94dbfb65d1a92a2f4de9dcd2f3a2e07a94e3dcc5884e8344abe437d4ca7fe66a609d5dc57f697cc09bf076ff00a640c7a611836d9cc289df30a6a8846e52de59d84a0c6253d040399b9c3ac40453f4089bb36e457df8b764e1b276dce0d86da646b1d52e11a5fc5ee3fe1306df42e8ec3dd8d2cea4db19670793d30d9d1f11b4181c62150670a227a0b92c9dcfa161b513f23d2668f69407a011aed5086a990af234d33bdc897b51bd843dcd6ec99ad4a5553515a641d0f41e82d83d34dc5f68d766112569ae092d2c3d06479a22ad0631761a15591baf2869b28676c94fcc362a7d98d0c5aace128d8f8ed06c2b93448d45b5044874f0fc2138bea648db244d914013a50aff00d945a6d8b2b8186eed56a5965a1d833f8c93383f3ba099f79e43f27fda3daf730ec9b3b5b5e4c88bf30b0c8cb95a119254d7f426753fd0897c0cad4758f3d61f8738abb88c28beae50c2c59d54722d879d6eacb8897fd5896263080e8fecd569b0c8ba9650d74d46fb058bf7d4d30f76e0f7fdcf73d04f639324163f79565864c9ce965f4a49b613d8e0d69318c326705820de4c516e11465a484c9da68ed304b80cac57d0343b8d5b0ed4d555b19d9d89d1beb33ea2361b58381736a46b18b4fb47f077b0d804fae7f3128aaa5f84352ababcc3ca6df48a1c3a9aed8309e68c6608aa82d69f98868dfa9364cc5d5cf22f1740dead21d1b125273c1ec32b23b076bdb897617cf2de4d4e8481284c7da54793660e00ab595f3366f5526ac1848d89ca1a90e27913da25e10d6bfa187f88dd0474f40d53a531483b4f95344167849e10fca7d1f80f507a33122aa07e2bd4357589ab0831aae5a229474506f49349c9d34925122125818bbada52f73529d22c3165446c941bd3c9b9124270d160d39417a4d598946c586381e93758907f7cdc32cedfa76123f0818341f98c0ec2816a63b46aa0fc45a1ad766cc8453b049242d19ef80b09a364bed7e4305f53c723628da911fe80897090e21ff416389f33829f9956879d20188687929e99d4b530b5089cdf82532917f0091a22784117d10888faa221110446e4210844421042111088888411e09e08884f08444f1827dac122511ea6191a6b0d771ead7a355a8a8f23b17e23a754fa21aeebe832ee2f94e095ca834efaaca3245cea130b8a4d4c4ff5283c85d41bce95d32161085074a3420cb443e81bb044ce4690ccf4489c374e6234224b444f16f2a3f4107a2af71f4a92e7f5b452b49e077490931190f4217f3cd82ec1fc2c5f4eff00ce2681d6e9e2cb6d48ee3c588b9dfe9c5cb8e5fd69a3293b0fe877473ec9bcf2d6e33a232bff001fd1a8b3e7b22d7eef1d9c17d8b95a243095239d7919a4fa94e52f0373d6fb0c36ba991f308be95f526bbaff00d191cb57618a4bf3f2431cb205256b8bd42be2812f887c84fa37d91c258ecd9a09c835b36c1bb7e8862cdd33fec023977d8ae4452ee7d352112f2482ae812a7c8fcbb92364873ab7d4593755dac929743ecf03d445f0fa22d6b68dae30d2f62282312d8c8e63f3376bfa7933128eec2c3810db416f26936ea79752d054f2756bc1c3a966a32923dc2a272ea56933f3effc19fc21e9914bc0b6f5885017c6c2be097348bdfb230db56816ec8a9aea4d40ad972b8d0f5adc42a227331c908ba16a4adf57d8c145fc71c8ed1fdb9cd424fbe5be5957c42c7a52bc982c7a934a2c3c2d34537443f9c7395764a13916dc8d0dab456bd879aa304c892fe784211a8ddaaa2d5bc0b82387a091a2445f5d27f58cb5fdacf4eff4182d346fcc212cb9075703b09b14b82d91300fe6bf62e2a113c7b67fc61a0e08c1cc96126d62035c176a464ec3566301463a04e987d0f74e0e51ce3bc13a0530791ff0d7ee165271aade8232d2c25886b7b0b5270c58c0f464892e4637e59f346d8818f9e54810e8b744187d91bdcfae516f7de99e198ff2efd90a22a9eedc8f63b442e47a8e289a7f5bfa1b9ba9c0ab476ab3810b579b1dea55d826f451cf61586ce8568a383ec46cf02d4af15c3984928a7fe06d5e76f9b141503b33dc22097372467526110e4f37fb8d5c6475b633d67d4165ac1d617d1f0ca97da7e090bf8425473820a834c928d87e6cfa33cfc8e628ac355ffa3b48abd4820b1646e4287a8687e09db69740eec89a887cab0657734c8a99153a97d473b8f4859adeec2793893b5b7fdb2f99f36ad62eb8013067cca8d75adfa9a5704c53b4cb1b0d69864246404264bbb0b1a9a703870f8a71236b4963a6e8c8da4cec31d38ca7770c9b576ec9a8ff007836a59f7a0c63eeb7c5aa720b1b29dc4018e843450b1ce38468b5946a2516ba4b3037b2426b91f9bcf8da6e7ab586379746944532092e10f912351247e03e8fc247e1dda3a4176341d532fc9510bfb26c0ba4a36ad6e654bfa31b9a6d1442b46ed5509f41784a0644b024a864bc5fb350633287c3257d58343323565a028700f50b1cd44a14a26fa135745f69f83fc50d510877102ebad86b3655730950c2d88f0a0824219260410841882104205e223c4ee1ae33e33241241de470412828aea18ba5ba3674376122f08208248f0c11e08f1302227dafe4bf9f3133d3ec8f06c42c38c8bf9d6e78178b666ff8754f1ecf02fb6fc97f1637070af1df06877631a2693c37a1826bea89ff001e9ae88795d51aeac56d43d76a2ccb1cdc0a6a93a3225a319d91f8597036a35777e192a973702d8cad9dc09e898f8a277c11d749d5c12d64d7299a8d2eec4a991d9d15da16ef1a31935c80a59ee236a24f8be14150975208a4b8b446ad0cfe4d45648e6b929d2ee70ca89ae51b8fc40be0fcbc31bf1c9a67519acdd563628610c7c265252cb3093a19532b3a644f716bbab91ead234d59452c4c3ce468d35d98d53385bb33bdb1d1727b7e37180c634f8a4ef4b1ccf04336c0d46db4922dcfb189dfb4fc97f16219696f41d16f432901909fa68525ea727f638c81d78bd87e7a8be88f64e58ea6daed904728796f9a608a4ed1724626c772bd517764bbdc7a076824d854bfb1b79dc6d8a0516b69bf25ca769bb2875a3d74ba0e3ff4074e7446cd12c4a25fbc4eb0761d08c8c8347dcd87f57fd0f6be18b73d60dc453799ace82d2b1d7a19e7fc8c6678db3285a2130f807014a7f429f61864a0dc0d52a7d11443e4b0bf0c8b881a1125733ec301bae6e3c526e88434adbb40e135bf83e4d75e1ce9741d6688dd864466d3ac7811570932e9a9b9566cf14526ad9cf06559582695cb6bb813a6bc3a9a15d143b8b9e79b0d7c2189e0b0b7e5254533fd620f3c2d89651080e50270dde64a390a50a9e42a3ca96e7da7e4bf8b3aecfa84dbc53c60b2535ac0739d51eabc19a569d2ec73e61d75a341fdef81c4e690b854a7a309e3197306a152924a7a762631932bf40d093f1232bdde88ad7625703a234aa4cae063e4edd3ab52f533d99acac90ea7a018118b82757e2369d5695ffa5846a9cde4602db04ba1a056c35d857f9c63a258653505d9c35c1e5a30ea85a13c0681c91e2d37062de77147f43313c90825e0984c00216151ddd12ad467c625f1b0e7cc18c686c64556fb1c9302f7c09221d3d982baa70b343e0625a5ef8f61dfb94f2f059d283e8d0d1f0c2b36a133f067710b53ed9785b4a5237482eab9d5523377d859e4578a524ab0c6fd4cb00ade1706bb0d50462b94de1961b0668630d4e8fb4fc97f162609dff4167bea15ceeb0d761e23ca6a33772908b25ee8b4642194ce21460623ad24c8da8f8f31c9d3c9253ac0b09141ab47e71c1da53a944b6a849322e411ecc517d784608643c4f0174c0ec82e4a16e86bf85c4823a87451bd136ba4221ede52953ab391852da142292f45102019353c094d6d5c0ffcbb0bf066bbd4021f490be2fa20a5690f83c8a293cc5251c276f95e98fc33c74cd4b12660eeea58273f98c21aa3b4d9ad1d066cedfc8705f223375dc31b4e1b486a34ae9658b532042c1290170a5b74fa0c513b6288ac516dc1a97c0a5b484496981a9e7f78e83d928e2b5e4253ed3f25fe2f21d24c7d5ae8bfc53f25febd9f92fe4c82957f81a8a8a8a52197c305297e8bf5c694bf71f92fe3c9504956c6d84b958887ef19e1c16b10d28f6f1b0bfc4d12b66c5301f859e986c62927f50b6ba3f16d10410545fa98f532bec23d8382b3744ae370b13be1610ca5452a295725fa20a40e9bf33356b814aa87d020b4fb7fc97f163d0789331f91034b8f0f3e02d51bcf9f95e3964d3813d8bd9d05a7f06a4362f35f643015136cea365e346ac1c04d5aa50b5ad923ebe0c41b9b5e8228e491a3222ac97b21bb6822c905dda88cbf1303eade301d1d3cb07fc1b0db5629b035004d11c5680ea3f69c9c0e328bd4d05ecab08365e15c77111facb0823ceb5569389a61375f44b93bb1d297d8d455ee8c69f319d19caf9be483a30cb8e02d3edff25fc58c4181e64fc843d69a28edf330b9211777e778c7161722bfaae80dbf9296c11adf014d039a4925af611d531a72f934b8b7a2845459c07429255dfb0b6b0741cbeb25ab77c51c61658a55a24f17bbee66f61a98f4e2c6647d4ab20a170a743a0cc6e9abad4c91dabd13561143bdff000fa10b3d08521411d8e381625a4236519f90c6558cfdc7e4bf8f1e53c526e16d0566b0406f4ee636a272bc441ef8e6de49d8de5626885a7f11f0c45163e0f9e8ec0b01b44e18d6a85efe3810b6c483d0e64cdb8be35d8bff00049990ee810f922262287a853f2b5525b7a7d74ae8604cfebf5102bfc024a97502be1a88aee885cac5a9a33b29e931d56a2e844e27e8d0cc634a8ba10bab9ba8c0f9db85f1f43570d1a38ec8cc61f0a86f3f4f26886aacd997bfdc7f25fc99a67b13f33011d7ec513c31ff00e20b510d85f618721a29a767d110a24b5fe57f639eb5a8a0622217dbfe4bfc8e3f05fe2ff25febd9f92ff5ecfc97fafe063deff5a65d7519791b62b9a6f8c8b61e943589e624794fc17d2d1783bfd59284eaf1d7cec3345bf540ce66e090bb346be96c59396de887a4ba36bfc6c476e68cf22fa481d6b455322a1a75358fe7c9b19f38da992fb06e171bf8612b6b22fde53551bba59296e3a264c7473458cd7e4e8c55a0a52add1afa7f38226464e0c52f74b08d00b8ee84146adbc1d406d0d7620b4d786d5e5d05c6d4b4ff001e095d53054d542d9e08d85a36a0ed0672cb2eb5144ed0ae338e8541386b4b4bce87e17c3e2d3564210035fa8ed464cdf3d18169c268584268cd326371378e9d772d9f41794c99777b8f67436314f78f0348f1af286755ee421cdb55e3055e710f8a055b3c41a25778090e649a762319461c20e09a76dc3f2a356de0ad9e02745baed0488106809d9ab3202c5b6412acdfe37f971d3cbc9ba3d79781f58c657aba4de3c25fe88c74f45e0ccd21a432214c9af6fe0799bd0d337db07936dbb6bd4606458508cacf468cea615c984ea8196e6012fe0b13dec6cd84d38fa13d418044b65b51077a2946bd4d3f53e810a6734c4aedcdacc4d43b2f0781d25f4110aee71cc3e6a50478b5c7e8722641587e108e28a49db40d7ad5e64122115f962b68e2c8cac15a846095dc8627fd5312bf8a5350a2d0cc999fa8846ee37dc24b3e02f93628582bd5d1e1a6a642c02b2e0cfeda353312b4544f2c6ebb6b3d015f48c83c11b59c222e75acaf2cd1ce25885a9397c8d934af99a6b6741d18735d9445f6b7662a697a031a5bc7fc2f462a54de8dfc7df783f3c309ae8bdd8bf567a21a93886f50da8c6a3ce4d679b9f8f025fc9d7ec3b9ff00409f5b6656934105a8f82070ad4859a1c41517042323c86921d956529c8ffd19b702d5210e99ff00411ec93a6db3b8a86aa30f9be2b95f21c5cf2a6455180962d37e639cd6f24db655e20809191d35f02a9a537ca082c9315b5123ea648a0a9228960d419b799a88b56cdb011dcc453956a88a95d99c905156b564de307dcb2594bdeb67b1c641cd7417e25f44c5952b593fa174d6e1a7a9660a22cc813d9ec443d083535a8cea16f48bc12b67a2ea4efb592b86e928de988e5c865fab206eae09b1afd47669ca33aabadc0c00d92e5d020783515d0a3980c98586d36d58f5543994e46b0a5a0118d36430547fca3189135f011ee4285e8674062867927d3178e4ae7fa4856ac87f45aed961d1ee2e6a9a9e42546784eff4abfbec9fc1b1363b995c1537730289645b5a512ecf212ac275371d872d38b62dcc9ba409749533d46daf4396074a995cd8c5cc6b9d4c942c7a2f026bf42968be2d9b4a7ca427889ae18944b09c0dca355096884b842441546b3c370f55f550c5044121c5da49411c9b06f307950df5546be16982139e5b9d865219586b8a24ba92f6340bb95343bb14154535c3544abc7f35084710974c783469a794cd0d1709112097e6284c8f22e893b086226b86517da50df446f984ce44c547924771b31d90d8ae9d50449f89f5ee265933c1b2363d61027429fc0d5ea2422c7431e8f426f095323733c9a80848bf95bb305609a4454d08f8c35a18b164b74613961f22e247ede682b5f2344d5ff40f70633bc0e3baf1d8422295dbc8dd1d38a221e8517d9b57c0a3fcdf7197a0bcd0da983f71bc3c024b7db94663e81a455aeefc0562390cd69557d0e4dcf9139693d8d8f32d6a8e475376ab54587d1917f47d9fa8acf0be0bacacf0af857e34be345decd3e32851f4a944ac8d6be8a4e81f4be2c5a14868be86463957ac4fc289b7e37c297c28a9eeb60f02909e2f8d7e121e61597c1b82e2af9719bfd795fc0cc4ae76ad8d5baf52dbdad5a0cca99975d1f5ad27d0604eca8b0d1fb0d250aa361aa535243f21bbe8ca4cbfd82f218a66ef0c1fa1b12e168de5e62068d39d2c3349936f383555b53dbd04394d91c1d8014a38939bd4c0d92db49f5d5913c09ca467f55d2af41a07aee882dfb31c84ff00259828668bec81dd67a0e5f92eff0084b5dd2d5216c66bdb87f42233ba946db932ce1345c556b731ce8582b2ab22e4fd0f86bf0c7b8fb0f41eef1b060b5dbff944f11acfa325c1a07832355f58f2a4985659ba0f63d55299b17234f0457fd9f99342cd64cd93bc7b0ddeba9cc7a0d028a6c88c1268eb0cc3359c885846b5e5788df84dcee018a2db1228432524cbca6638874e77d0709217867e39ff00046f5d92f04f77a01ae7a3dc37c682b3ca619ea02c5076b9f850fa76ee17d3a94c86ebdd4773b687e37815538cf16a7064fbac5ff05de877d0ce6884b0de4ae88fab0c4e1be5fc18a8c0dd58bf1f9b4484ead5968eb5f5e94be7fd8297d8d250e21a59a2e0712bb8a8fbc1e33049e4cc0369fd42d9a6595ca63ed36d3b0f60de71410ad3b9843b34455070ae492d891f0fce8ba165fdc69e2861aea2d83b4d3e505bb689f3b22c9b6abca761e12bc20acceb397c7e41536ce4d2191e8b4b05d47365095934b189e6c182a6985ad69cab8325f2ef9d1344ae8f562e97e7906b5f6a247dd0861d3f219ff99f32ff0072b96375df67d47a14adb80553ba78cfc0cfc0b1e5b4e3657c8e89bf28558d60d0e33dd0cfeaf8d4c0fde74241e0ebe42322268a685b1687abfb31f22ce83b2cf23c109dc557a3321d0a0ca1498af8f61f4176e3988a36ff00431fddcea228c389d87a0da9d97d085e1af0ea17dfee8526f531d8e5d2accc152e70a8dadc8d06cc9e105ace0b21e16518611dc9aff9957022e512f1a30f6f566119af2c3f0ff863d755b66812ec088ea034fd7b6f96fa8a151fd516eae7a9eba0f7979c285a8b3349e5dd3e34275aac7ccab11598ba94333c8e120b31926f5631317e4d514ab4d84d176212bbb1cbcdfded4e1ff3c0d2f77f6bbf99f8b26681233356169e52820cc3dddc13880523add428d99fd3dd8bd47d750e314135a2c6222ac06bfce664d9fa14ad910439265b0296e9019bcd2f843d41ea2d7afca41e6c14d499d0635608199986e74d7c876c90947a11790953459235e29ef76610daf8a12d22395ce37125d1a48a199d9d24b5d1699b51609669dbebc843dfdf15e18ae2490dd1a93ff833a1a960cdacb194600e735093a4c72d3a0d3e944ca442506beada48b0c465b51d5b2063b92603459dfdaefe6792f9b23a5b260e4b44470bec3bee01f026bd3be8cd6e5763a2dbac6ba1d01d12c50bf8f5748a92f4ed8e06f5b913b664a2f32a2c573582abc6f426074e6cf2a35450ec78d8fc9bbe825cfa8b4a3448a8d850b654bdcf788b3f24e6669d828c5d54a98abed0c116d049f5c799c8dabfa95454221b9c68352d7bb350075303358b47623f3a3d3c38db8bcc6b449b03a628c538be6313c693c2c7a24f51ae1b87c13e89a7d15c91f42f528577f97a253c20d873b67ae04a78b55211b68d1449ad7ace3c20978cf0dbc213e96a8bf8213c1bb271e8c7ecd534c48dad1a7846fc232784f09f44fe35658893b8b4923ccb1a0b498c5d4cc54c194c27e469553418535a14560b51fa5d10c23e5831ef26c93fb2cf0c7725b739433a4ed615dc4b7a33d5ff000442449f65a4b763552fd26a9a5fc7497df8157d2f021a7dda785ff27b9ab0052aca9d1c0c4127bd22b81a8b6da4f237436b842dac0fc87bda7c26ca150e8a5251ea1f046be86bb782ea681763a35ebaecb91b5127d58ea49832ec66069c8c6692bb2980e3aae0aa5760d0a8fa25f662652e8d4fba23042885cd1356aa6c2623a0aa946c4d51dce092a9f5450b5d4d89f0a729d124bc3bc68c7ce5ab1c419d1f01a7555d1b3f01755aeec87496baac0b445154bd25c89f63b1c708add25d5c1540d74c90648ee0a9191844f0ac7758ba323f2eb7676216a55c4c7dca212b1af06737024eb51f766dabc2d04c461f09a301a1d7414685469717193f192a24cf32714b7ed24111b67810d44cbe981f3602470d221a13d09743cca58eadff002128fe8431d12fa0a872ee0ea84ac6a637f2a3df0d45fd8d3d0cfbbd3ec8fc7fee1e0d84af4144755dde0317d66278cd90bcdaaa3d7b0812d173a9a3141f030d152b4ac3acd0194c09526df0adff0018a0e2bde0a32629a55ca344a46df9164513d59b1e74643d68a343176c5ea75a66a3df027dee8cc235323e5e8693bdf05c6e2e22ae1bc1faa7c2d936d9db942d10959bcf849d374b1758554d9bb0a05d49659e763130a3d3b1b7b06c5e6ba261b23b6fca85c76dcf82be66ceb0dd462734dd701a11b1aee3a16ac4c4ea5268d34d4d7626c4bea7e14a42772137810ee4ef2eda8a2d355dc9a9b04f22c2645bafd104a7009d70898e695ffb2eb36ee828c36ec72461d8cd9b3e211fd2e4685a7da3aa9aa8657a145a05af3c0a2da5526e2f9859e5a19ace2d88484a7d3d5c7d45bab33ba7630d294b1ea18ff577ea1b0fba17c52a5e46f71a8e588b5ba609f6cf0b8d2f8ec2aed635eb329305a8a978653d3b0eaea2cf5d88cf2cfc7c9a7f7c43dcad45f0622d3c2e57039f2e26e4ea0fea37f0496a36eb689119b956abf1304a92aa6bd4d3f8e379e0a1841cda10025dc35d9917b8fb50966911ed94cea5474ad44969c8b4461946e707cada22c513156ee28b709696acf6146b488ac2107809c9c9b62c5ad17a3a3a0b633e19a75d43c32172a256c226ee17048402657047a26aedb1c992b74f76e0c8bab237b210d6c87332765918307877ea5c20e53728eda885c136da6057f26ee17038cc930e5bc13f4b1bb698dd310759893c80822995d45f6cc66d2d90f0f97f0b3a2f64339e44140ca76b2bb0e84d6aa332e5f448b261e74844c68047c81c863b10bbb1298e46d4d7aa4a7438e5122128dde41874ddf0a389c7624cb1a1247aa7a10f37ac9a2508a3fb7904515f4416e83c0d526b089a2005d144f57678e04e88356010b9c5849596c417fa241a7c60b43f088bd3373051766acefa15d5f3c3127a38827f4c1da6834f6628aceb42e7257dac8f1c8eaafc2355ea6466c968e8caacd186089d260636149cc1bb86ac8da59e43a47e4822411375a23bbb5c9a084c14518852c5dac2d2045a2584645b7744552146c836d3ab81442266182fd4d84c62e3ee3f31fe2f9f632b105a2fa5f633a959c2fa72128d63d7fc27e4bfd7b3f25fc997ecaa3055f6357f8dfc97f1e3249bb1086f560da55496cb78b2213e744b3ec2ac4db4354bdb3704da62c3271a77b7f3c6c6de890cc86a2ca2639c551f9cd5b518bec302739e648c513dd70c5f6ff92fe2c6347924dfe44be27e7c154abab751e6f91f95e39855c169133ac896ff00c38419f798fc8baf199e93620c22705f6835488cefd06be0c5225ddbb02e549117412b60c4660543d1910f4ea708d410df77f539942dca37d9212eacad7863b37002d262113a8ed48e3cd784d63a0733139ede0a6d4d2b6b4534d960fde82232cc28e492f259304deb35f4b6229dd934b0e8154148dac77077b772686791c48936ae380bedff0031fc50c46f9c8fc84db6783925a61d452ea5f9de289adf300daabbd617f21b40f3dd63c7f0bc0dff0033a04e8d30e58db68664bbe8251a7dc13ea7ab20a918f81130e9ff0005e5697a4250b0892f2f17bfee21203f801a9f56cba04606a625d137a8fb15cfd0e580b1a8e76969e5d1089216b1d46444aee62fe7f9a3e68f9a3e68f9a3e68f9a3e68f9e1fc2f30eb1d4f963e78f9e3e78f9e3e78f9e3e78f9a1c1ff708df03d3aca20f76dd59ba3c4ef0c7c91f3c7ce1592d3267d80f3f6a4ff82ffde3e78f9e3e78f9e3e78f9e3e78f9e3a424384a2a7137e83ac7f8ee0b9849ef790ab2c48abe0f9e3a5ae4c7eb94bce83c406566c154fb058ff82e4cb4d391c8f9a3e78f9e3e78f9e3e486b2cbfe97b7d3e296d74d7e430d59987cd1f3c575f586c5973304eff22ea1906c86ec1b57716cca1946a97f284751dc904a883e78f9e3e78a93699153782aa7468cfb8e451686181d02687cf1f3c7cf1f3c7cf1f3c7cf1f3c7cf1f3c7cf1f3c7cf1f3dfc4888888884c27ff009dfc4888888889f0c70f845f1df4a200397fc8c7ff000fe04444444f8018df00357e825fa3c03e2bc513e08f86f120f82f007b3e87d488894e501ffe01f043ff00cc3e03c0be08c44ca7e045f1c7c70d5f4c8888f6c3e18f8a1b7c207fed6c888888888889ffda000c03010002000300000010f3cf3cf3cf3cf3cf3cf3cf3cf3cf3cf3cf3cf3cf3cf3cf3cf3cf3cf3cf3cf3cf3cf3cf3cf3cf3cf3cf3cf3cf3cf3cf3cf3cf3cf3cf3cf3cf3cf3cf3cf3cf3cf3cf3cf3cf3cf3cf3c2d86bcf3cf0c804c78d34d28f7cf3cf3cf3cf3cf3cf3cf3cf3cf3cf3cf3cf3cf3cf3cf3d8adfbcf3cf6dc9e8607c053df3cf3cf3cf3cf3cf3cf3cf3cf3cf3cf3cf3cf3cf3cf3cb10dbcf3cf2cc00c14d0c208f3cf3cf3cf3cf3cf3cf3cf3cf3cf3cf3cf3cf3cf3cf3cf3cf3cf3cf3cf3cf3cf3cf3cf3cf3cf3cf3cf3cf3cf3cf3cf3cf3cf3cf3cf3cf3cf3cc34fb0e7c1bf6f1c30c30c30c30c30c30c30c30c30c30c30c30c30c30c30c30c30c30c3ced7c533d52345e4d7fe38fa11db0e1185a55dfb05cf3cf3cf3cf3cf3cf3cf3cf3cf3cf1e2a108f1c1b0901cbc6870547c9801de8a4418a0f3cf3cf3cf3cf3cf3cf3cf3cf3cf3cf750904ad3dcf1d35779d34d74df5db9e78ef4d37cf3cf3cf3cf3cf3cf3cf3cf3cf3cf3c38efcd33cf3cf3cf3cf3cf3cf3cf3cf3cf3cf3cf3cf3cf3cf3cf3cf3cf3cf3cf3cf3cf3cf3cf3cf3cf3cf3cf3cf3cf3cf3cf3cf3cf3cf3cf3cf3cf3cf3cf3cf3cf3cf3cf3cf3cf3cf3ce31d3cf30f3ce3cf3ce3cf3cd3cf3cf3cf3cf3cf3cf3cf3cf3cf3cf3cf3cf3ce50b640216c1d2477d02957885946ca30d20b11f349fce3cf3cf3cf3cf3cf3cf3cf3cf39449d2d57e26105572095dd55d4504d75803cc5d52f14cf3cf3cf3cf3cf3cf3cf3cf3cf3c73c30c73cb1cb1c32c73cf0c30cb0c30cf0c31c73d73cf3cf3cf3cf3cf3cf3cf3cf3cf3cf3cf3cf3cf39f3ce2cf3cf2c934f3cf3cf3cf3cf3cf3cc3cf3cf3cf3cf3cf3cf3ce1041c20967db68308625c2c35e144604e3ca20900020d48d28c31b7153cf3cf3cf3cf3812dd7de45d75761649b59d47bf9669b55e68741a4184937dc55b7d514f3cf3cf3cf3cb0d70c71c70c31c73cb2cf2c32c33cf1c31cb0cb2c72c72c71cb0cf3cf3cf3cf3cf3cf3cf3cf3cf3ca14f3cf08d3cf3cf3cf3cf3cf3cf3cf3cf3cf3cf3cf3cf3cf3cf3cf3cf3cf3c408f08d31745f0df2ce20115f3cf3cf3cf3cf3cf3cf3cf3cf3cf3cf3cf3cf3cf3cf3943c84424c12dc3d47cb55e75e7cf3cf3cf3cf3cf3cf3cf3cf3cf3cf3cf3cf3cf3cf3ca3c92cb0c95cf2cf3cb3cf3c33cf3cf3cf3cf3cf3cf3cf3cf3cf3cf3cf3cf3cf3cf3cf38c38a3cd4501cf3c738b3cf3cd2073ca71f3ce35f3ced6f13117f3cf3cf3cf3cf3cf3ce8a1da917e9b755b29b248a33556b9e3caa34676c7294a47225524007073f3cf3cf3cf2cf2483c41cb7cf3d482e12e18538f7cb26d4636187753726d9902788af53cf3cf3cf3cf3cf3cf3cf3cf3cf3cf3cf3cf2c73cf3cf3cf3cf3cf3cf3cb1cf3cf3cf3cf3cf3cf3cf28000000000000000000000000000000000000000000000000000000000000000014f3cf3cf3cf3cf3cf3cf3cf3cf3cf3cf3cf3cf3cf3cf3cf3cf3cf3cf3cf3cf3cf3cf3cf3cf38c71e34f3dd77e7de79f7ff007cf34e71e32fb1d7bd7be71d7df71d3cf3cf3cf3cf3cf3ce0460de60d124fc08bb94095a3d25841deaa549e90aaf2e21d28ddf3cf3cf3cf3cf3cf3c30cb1cb3cf7db4fb2e35f73c80c70cb2ffaf3fefdd34d7ee7df73cf3cf3cf3cf3cf3ce3cf3cf3cf3cf3cf3cf3cf3cf3cf3cf3cf3cf3cf3cf3cf3cf3cf3cf3cf3cf3cf3cd3cf3c30c30c30c30c30c30c30c30c30c30c30c30c30c30c30c30c30c30c30c30c30c33cf3cf3cf3cf3cf3cf3cf3cf3cf3cf3cf3cf3cf3cf3cf3cf3cf3cf3cf3cf3cf3cf3cf3cf3cf3c725c61d7f04ba7df3cf3cf3cf3cf3cf3cf3cf3cf3cf3cf3cf3cf3cf3cf3cf3cf3cf3ce3966cf7f82f92353cf3cf3cf3cf3cf3cf3cf3cf3cf3cf3cf3cf3cf3cf3cf3cf3cf3cf3cf7db7c33cf2cb3cf3cf3cf3cf3cf3cf3cf3cf3cf3cf3cf3cf3cf3cf3cf3cf3cf3cf3cf3cf3cf3cf3cf3cf3cf3cf3cf3cf3cf3cf3cf3cf3cf3cf3cf3cf3cf3cf3cf3cf3cf3cf2cf3cf3cf3cf3cf3cf3cf3cf3cf3cf3cf3cf3cf3cf3cf3cf3cf3cf3cf3cf3cf3cf14f3cf3cf3ce3cf3cf3cf3cf3ce35f71f3cf3cf3cf3cf34e7cd7cf3cf3cf3cf3cf34f3cf3cf3cf3cb58934f3cf3cf3cf392126b4f3cf3cf3cf38dca674f3cf3cf3cf38fb4f7cf3cf3cf3cf1fb82d3cf3cf3cf3cf7e07bd7cf3cf3cf3c752fc873cf3cf3cf3cb57d95f3cf3cf3cf3cf0a93cf3cf3cf3cf3dde3075f3cf3cf3cf3ce28d3cf3cf3cf3cf3ce1457cf3cf3cf3cf3cf3cf3cf3cf3cf3cf3cf3cf3cf3cf3cf3cf3cf3cf3cf3cf3cf3cf3cf3cf3cf3cf3cf3cf3cf3cf3cf3cf3cf3cf3cf3cf3cf3cf3cf3cf3cf3cf3cf3cf3cf3cf3cf3cf3cf3cf3ccb9cb0d3ce3cf3ce34e30f3ce34f3cf3cf3cf3cf3ce34f3cf3cf3ce38d3cf3cf3cf3c90703339af2c574f3c40070d00c65893860c624104340d3cf3cf38fb808ce34e35f3ca30b382b88f6b21c14e7451c92994807c83c568a10439e39f4457cf7c280657f1df3cf2c284919003d7df3cf3cf3cf3c71cf3cf3cf3cf3cf3cf3cf3cf3cf3cf3cf3cf3cf3cf3cb2f5816261f93bf638eef938fb445eb02bdf9db1a4ce8bc484c84d080f3cf3cf3cf3cf0e89003d5ef41f6dcde9b18c804a894d86bc677a0805ce5fc9922e674bcf3cf3cf3cf3ca48ec15e12aff3cb0cf2cf3c31cf3cb3c77cf0ef3c7befbcf0d37cb3cf3cf3cf3cf3cf3c503515b41f38e30c39508455d28e78d7de10d34b14d34f3de2df74630b21f3cf3cf3cf3cb3b7cef3ca2052c93d815658d1d75c02f70db30b30749b5435116502057cf3cf3cf3cf3cef5f3cf3c72ca24f0cf0c70c71c91cb1472cf3cb0cb2471c31c92c10cf3cf3cf3cf3cf2a5fcf3cb51371349e34b59f75f78375f4585dd5576887dd5145de6547cf3cf3cf3cf3ca97f3cf38b0c514e18e0c408230720118204718e44a10808a1c230e3cf3cf3cf3cf3cf2a5fcf3cf3cf3cf3cf3cf3cf3cf3cf3cf0c73cb0cf3cf3cf3cf3cf3cf3cf3cf3cf3cf3ca97f3cf3c22df38d7cf3cf3507de76cbdf3c907230c23db9538c4873cf3cf3cf3cf3cf2a5fcf3ca15d5cbd6f3cf3e930d28a87fbcf01dc1f48806c94bf399cf3cf3cf3cf3cf3ca97f3cf3cff00ff000dff00cf3cf0ca1d77ef8ff3c71fd086edf3472cf5f73cf3cf3cf3cf3cf2a5fcf3cf3cf3cf3cf3cf3cf3df3cf3cf3cf3c77cf3cf3cf3cf3cf3cf3cf3cf3cf3cf3ca97f3cf3cf3cf3cf3cf3cf3cf3cf3cf3cf3cf3cf3cf3cf3cf3cf3cf3cf3cf3cf3cf3ce2adfcf7ce38f3cf30e34f3cf34f34f3cf3cf38c3ce34f3cf3cf3cc70f3df7df7cf3ce870b71bdf3835d02856c36903c424b30838d20a3c53cb3df7cf34f8071a56953df3cd059707c6615ac5364e09a45b61a69864d3526d37997df6d47173cb3e7a1a57b1cf3cf2d62890d1a1ff00ce38e38f3cf3c410f3cd38f38d3ce34f3cd3cf3cd30f38f34e34f3cf3cb0da22064a50901171e14f20915e2c834478e18b7d208f6191065c230260511751d3cf084c2b4653b5dd84c23d361c79245a79f0d769065b0992d32922cd79a55d65a5575cf3cf260e36c307de38f38c3cd30f34f3ca14430c3cf38c30b38c24e3c630f3cf3cf3cf3cf3c34299a7e6f39c2df69b10c09a21869b59b59459f65b20841b60975a58d3cf3cf3cf3cf3cf1b53cf3cf1c71c30cf1c32c72c70c70c30cd1ce3932cb2cb3c33c71cf3cf3cf3cf3cf3ca97f3cf3cd30f3cf3cf3cf3cf3cf3cf3cf3cf3cf3cf3cf3cf3cf38f3cf3cf3cf3cf3cf2a5fcf3ce64f75d7df3cf38074538f30d3cf21974f3cdb8dfcf620fcf3cf3cf3cc30c30ef2c30c20aa8eba770c30c5da9fd1f098c302341347a93c6c3d9bde30c30c30c3cf3cf1cf3cf3cf1cb1cb0cf3cf3cf2c33c71cf1cf3cf3cb1c30cf3cf3cb2cf3cf3cf3cfffc4002411000300020104030101010100000000000001112131102030415140506160717081ffda0008010301013f10fe818b0a4284bec62d6ef617d2b1d698ea7266edecb3f4b0d05edfceef849bb8d0ae824db895635edd136217d3a973a35ce8a3fd1a6fc17363bbe48e4b221c685ae294a8ab8a5294bfa414a5452a2fc579507a669bc8f31311ae465269e07969ee88a9f14d88f7c3326570c991227464c997c5831f02baa2a309093203baaa24ba94e60d0938421084213a421093e321369e1979437792dfe7efd4de2f4782f42e573e4bd77e3c27109c42109cc2108421084e884fe3afd92f90bbb084e89cce99cce273399c427309dd9fd2a1f0ff00997f5ebbf842638b3e1028b94d75dae58c7b1aca26a78f8016b87b153cf0b8f62db1a215727b18b5c38d4106794b8b26cd912cdeba85ff00a43b337b68856e8d3c4c6403ee7a86c65791f29d4ca8dd35e164f615746dbc125acc0b17e119292128c25d690f5b2aa3682a0f41549bd9e6c80969148d874ebd8a93568dc7a16d2d41212dda8ea519b168dcb6346d3d8bfe37482a2f452f70ab86e213e8a5f814bc55e108bc1b286d70b8bd2b1be2b2bf7c331ac1a48ac568af8b18be1b488222223d1f81111761a4c8f44444409219110888f44445ff001ca5297052a94a84fea60f8834db232a7d34213fe33621b585ecb4d5cf6d669554bc89df88c97b4f19f453dae0f2bf34c4519bda5d959697b1f1613c64a637a215b0de3b54bda6548df65e1320d44829994828aff1a1ea3f7d8589ed31595c6a0d063c99b98227d964138c5da627658b00fed26a0d085e12d4ecda76205fca77185fd3d48fc9f5b75219b22c0a50964341eb97f3d3bd8a0b1865f990e2c719d9824b01ce6dae1f2fe32e1f2d542ec1f10ee19663aad137ef1149174c5e7fdf8f7e0b7fe11e6ca6bb1c144c9e212fae09fef237616244085a3c16b1eb056106d3f02ca79c8f02aa3bab64546b1b44a25944b5bc5646dd98fb75caa86e4dea4457b2325c3824a955292c26c5953fd1545dabb09cd8936bd0cb4f50f418a626c6eae32265c8c83e42e42e1270f667eba316269628fd0995e111e9f84566fd13a36d8f4b50cfd61ed8ba291c605445130a31b1e9a3b766365dbada1376b0d988e9e2251937766929312c62d4bbf276d117aef5a62ee0923d91a55916e67a9742e572bb4fb0bb4db137167b3795d179bc5eabd95da62d2faf2d2eacf5de2f45e6979bd778bdc2d2faf2d2faf2d2eabdaa5e6f356986ac9d8821574d6cad6d60ade660cfae6f78b4bb0c4fad65719e16796a4eb2b146d69170bd082450f23248e5838c0a958288ac24dd1448799a30eca9ae1996251f74b4bb0d094e96b8489c204b9517c4f23f999947b466b9354b8b1a1bb45f73225aac592c1454b1e672c5dd2d2efcfa02d2fae416c6314a9ac645f409de694a5e985a24690b3aac45a5b42bab6cbb3b17c0a5e9cd289be69394a8c7a434a466e308c29fe93dc1bf210c6f09d30842109d108421084e613a61450ba938c4b49a18c4960b2d6c6cb16f818b0910c12fd46c7693c0f22f913846f2c4c3982318435ab8c53de53e193e0ce5f43e85d2ba1cac1ca41ae5725cddf02b64386d38ca8101b1f6671927cbdecd107bdf931b2bbb0d36e8e6e852e490924bea536c23642c650d872e35d53b13984e99d709f50fe31697d7969743e50dc13bd2f7d104766f04f8658277b8faa96f0c5d2f63c27d92f43df0b87c2fb7ffc400261101000202010403000300030000000000010011213110203041504051616070718091a1ffda0008010201013f10fe40081b46eb7f885f9dfad326c20e969660382a1d447923e88b49bfa43f8d96d1712d95299a895b983cf0aaa8732bd3b003a95886e542bea118b80364394e7cccab08991e0837c23332dfa96fd4cfd70f19e29b88ca6533333f19b53714c7c4a75f023823cb8072b1145c22ddf04579b25d45be31312ee5cbe2f8c7c708a32c41a12d708052c54a5e9b65f45f45b2d96cb7973f1ab859605e20b83fa3abe357c9bf8d7fd0558f5c625d9ff07ebeb35fd1863824a622779a740d718e87351d105cae470ece3266279c00effe12f1aab8989563a959fc807cc4101ba21aba7ca60a0fa9661ca46f9dae22d57483284979dae1f0c3516f81a8bc5d4be86a95a9a96a2cc6691160d458bb8ba085a15115b054222fd97b86a0ec5440feca0fc89f8fe9cab94dca7efaa93b1694f34fdf00af4d2fc41a3969494a9a1fb02130f61b75c512b84e1b5c28481c509f135cdb2e5bc5bd81a972e5b2e5f45a4b65b2dfea0acc633f529f57e655b2ca85130ca5ff00615fad3308040b62264df70df6a995da252f688187f6594403b6fb4c530c076aca88d76ed3b680a6147789537e7e3987f27b3ef8a7ebd633c662109b8a32239636b44a6be7bb212a25763ed846308de39e3624f02272710c93e792c25dcf3d5551dc0251401118bc1a97b2a4b85690d1e9ff00f1c57f618543f2607ecb412e6c2359256ade097c81572ade4a8678554346e5689ac4ac1da0d5122009b44d0998cccba60df6a449301874579e62623558594b97062cb2e3d40352e26ef53686a3f69a095707982ff89550e83a8319d42bdf32cbb54350a70f2e14ea05c4186cfc8ce42a2a91e2a42478abf6ca52c0b4152df388081d1b62382633c825c533a96dd6541d0597fb434d9b8f039086159a83e1b60bb9792eae1361cc5bf855d152be1b563cc57638600b2a175eb16724ae28f5a6fd79b8fae371f5c6e3eb8dc7e16667b352be09b8f6089d0f2f425742b70d715640c4ac44e0066a2df8ee1b8f48c5e6efadcf172e2df4517cdcb4b455745f70dc7d71b8fae37c27ac668464acf99a36a5652a0867111c0bf9eece0235d6313709c33edb1e5b9849fb96b0a5425bd5843e6be20cb25f5964f11cbaa8a62db0adcee78b150ba902cb0600ec1ea3fed118158b9aa894e16e108b4377009bfe4bdb4cfd7a73156894137311789bb50b630418bd256be11964f52182e19164c4c104038a8a29227033eac21d51830699556e61eb28f5e6e3eb8dc7b1572abbe1ae8abe095c85c4aee11dbd2172aa308f49a605d4c9dc78e1e0e1f6ff00ffc4002d10010002020102040603010003010000000100112131415161107191f020304081a1d15060b1c17080e1f1ffda0008010100013f10ff00d7c76f854902d5849a369b8b7f28f986c68098b125a3e034aa1d445574100b1ba5430a59375b57ccbaf73f855a6d5eebf9f0f900b57826fc141854ee4e55001a9bf92782e1e92aeac8d75058cc46f9d5a9905df0b8f93bb0caa3533a113a, 'zaher.amri@esprit.tnsss', 'zaherr', '768026', 'ROLE_ADMIN');
INSERT INTO `users` (`id`, `nom`, `prenom`, `image`, `email`, `username`, `password`, `roles`) VALUES
(10000, 'zaher', 'zaher', 0x37363630353233362d323133333930313332363930343931302d383035323439303237313830313231323932382d6e2d322d363036316665373533316235663334303935323436302e6a7067, 'zaher.amri@esprit.tnt', 'zaher123', '820735', 'ROLE_ADMIN'),
(10021, 'dsf', 'sdf', '', 'zaher.amri@esprit.tn', 'zab', '123', 'ROLE_FREELANCER');

--
-- Contraintes pour les tables déchargées
--

--
-- Contraintes pour la table `formation`
--
ALTER TABLE `formation`
  ADD CONSTRAINT `FK_404021BF448B9901` FOREIGN KEY (`Categorieformation_id`) REFERENCES `categorie_formation` (`id`) ON DELETE CASCADE ON UPDATE CASCADE,
  ADD CONSTRAINT `FK_404021BF67B3B43D` FOREIGN KEY (`users_id`) REFERENCES `users` (`id`) ON DELETE CASCADE ON UPDATE CASCADE;

--
-- Contraintes pour la table `offre_emploi`
--
ALTER TABLE `offre_emploi`
  ADD CONSTRAINT `FK_132AD0D125F1008B` FOREIGN KEY (`CategorieEmploi_id`) REFERENCES `categorie_emploi` (`id`);

--
-- Contraintes pour la table `offre_freelance`
--
ALTER TABLE `offre_freelance`
  ADD CONSTRAINT `FK_14236E8A91DC23E9` FOREIGN KEY (`categorie_freelance_id`) REFERENCES `category_freelance` (`id`) ON DELETE CASCADE ON UPDATE CASCADE;

--
-- Contraintes pour la table `particer_formation`
--
ALTER TABLE `particer_formation`
  ADD CONSTRAINT `FK_E78D30FA5200282E` FOREIGN KEY (`formation_id`) REFERENCES `formation` (`id`),
  ADD CONSTRAINT `FK_E78D30FAA76ED395` FOREIGN KEY (`user_id`) REFERENCES `users` (`id`);

--
-- Contraintes pour la table `postuler_emploi`
--
ALTER TABLE `postuler_emploi`
  ADD CONSTRAINT `FK_8764881BA76ED395` FOREIGN KEY (`user_id`) REFERENCES `users` (`id`),
  ADD CONSTRAINT `FK_8764881BB08996ED` FOREIGN KEY (`offre_emploi_id`) REFERENCES `offre_emploi` (`id`);

--
-- Contraintes pour la table `postuler_freelance`
--
ALTER TABLE `postuler_freelance`
  ADD CONSTRAINT `FK_6B1DC643A76ED395` FOREIGN KEY (`user_id`) REFERENCES `users` (`id`),
  ADD CONSTRAINT `FK_6B1DC643D3FA6C29` FOREIGN KEY (`offre_freelance_id`) REFERENCES `offre_freelance` (`id`);

--
-- Contraintes pour la table `questionnaire`
--
ALTER TABLE `questionnaire`
  ADD CONSTRAINT `FK_7A64DAF67B3B43D` FOREIGN KEY (`users_id`) REFERENCES `users` (`id`) ON DELETE CASCADE ON UPDATE CASCADE,
  ADD CONSTRAINT `FK_7A64DAFDE693761` FOREIGN KEY (`Categoriequestionnaire_id`) REFERENCES `categorie_questionnaire` (`id`) ON DELETE CASCADE ON UPDATE CASCADE;

--
-- Contraintes pour la table `reclamation`
--
ALTER TABLE `reclamation`
  ADD CONSTRAINT `FK_CE606404A76ED395` FOREIGN KEY (`user_id`) REFERENCES `users` (`id`) ON DELETE CASCADE ON UPDATE CASCADE,
  ADD CONSTRAINT `FK_CE606404BCF5E72D` FOREIGN KEY (`categorie_id`) REFERENCES `categorie_reclamation` (`id`) ON DELETE CASCADE ON UPDATE CASCADE;

--
-- Contraintes pour la table `reponse`
--
ALTER TABLE `reponse`
  ADD CONSTRAINT `FK_5FB6DEC7A76ED395` FOREIGN KEY (`user_id`) REFERENCES `users` (`id`) ON DELETE CASCADE ON UPDATE CASCADE,
  ADD CONSTRAINT `FK_5FB6DEC7CE07E8FF` FOREIGN KEY (`questionnaire_id`) REFERENCES `questionnaire` (`id`) ON DELETE CASCADE ON UPDATE CASCADE;
COMMIT;

/*!40101 SET CHARACTER_SET_CLIENT=@OLD_CHARACTER_SET_CLIENT */;
/*!40101 SET CHARACTER_SET_RESULTS=@OLD_CHARACTER_SET_RESULTS */;
/*!40101 SET COLLATION_CONNECTION=@OLD_COLLATION_CONNECTION */;
